method,byte_position,execution_time_ns
String.equals(),0,580
String.equals(),0,528
String.equals(),0,430
String.equals(),0,524
String.equals(),0,552
String.equals(),0,538
String.equals(),0,581
String.equals(),0,517
String.equals(),0,444
String.equals(),0,531
String.equals(),0,603
String.equals(),0,606
String.equals(),0,394
String.equals(),0,566
String.equals(),0,609
String.equals(),0,563
String.equals(),0,562
String.equals(),0,451
String.equals(),0,543
String.equals(),0,463
String.equals(),0,533
String.equals(),0,475
String.equals(),0,518
String.equals(),0,482
String.equals(),0,448
String.equals(),0,393
String.equals(),0,449
String.equals(),0,508
String.equals(),0,562
String.equals(),0,455
String.equals(),0,515
String.equals(),0,515
String.equals(),0,542
String.equals(),0,575
String.equals(),0,530
String.equals(),0,548
String.equals(),0,483
String.equals(),0,565
String.equals(),0,532
String.equals(),0,500
String.equals(),0,451
String.equals(),0,444
String.equals(),0,512
String.equals(),0,461
String.equals(),0,516
String.equals(),0,533
String.equals(),0,530
String.equals(),0,540
String.equals(),0,462
String.equals(),0,445
String.equals(),0,527
String.equals(),0,537
String.equals(),0,615
String.equals(),0,505
String.equals(),0,609
String.equals(),0,504
String.equals(),0,441
String.equals(),0,531
String.equals(),0,508
String.equals(),0,582
String.equals(),0,555
String.equals(),0,429
String.equals(),0,442
String.equals(),0,549
String.equals(),0,436
String.equals(),0,516
String.equals(),0,577
String.equals(),0,576
String.equals(),0,438
String.equals(),0,526
String.equals(),0,504
String.equals(),0,431
String.equals(),0,481
String.equals(),0,496
String.equals(),0,498
String.equals(),0,605
String.equals(),0,542
String.equals(),0,602
String.equals(),0,479
String.equals(),0,465
String.equals(),0,512
String.equals(),0,494
String.equals(),0,497
String.equals(),0,474
String.equals(),0,612
String.equals(),0,535
String.equals(),0,479
String.equals(),0,457
String.equals(),0,533
String.equals(),0,387
String.equals(),0,503
String.equals(),0,487
String.equals(),0,530
String.equals(),0,520
String.equals(),0,563
String.equals(),0,531
String.equals(),0,445
String.equals(),0,553
String.equals(),0,510
String.equals(),0,393
String.equals(),1,664
String.equals(),1,636
String.equals(),1,651
String.equals(),1,571
String.equals(),1,653
String.equals(),1,640
String.equals(),1,668
String.equals(),1,620
String.equals(),1,651
String.equals(),1,586
String.equals(),1,738
String.equals(),1,588
String.equals(),1,584
String.equals(),1,580
String.equals(),1,667
String.equals(),1,619
String.equals(),1,666
String.equals(),1,607
String.equals(),1,600
String.equals(),1,713
String.equals(),1,656
String.equals(),1,681
String.equals(),1,592
String.equals(),1,691
String.equals(),1,671
String.equals(),1,632
String.equals(),1,625
String.equals(),1,685
String.equals(),1,590
String.equals(),1,684
String.equals(),1,720
String.equals(),1,640
String.equals(),1,646
String.equals(),1,647
String.equals(),1,670
String.equals(),1,674
String.equals(),1,699
String.equals(),1,679
String.equals(),1,675
String.equals(),1,695
String.equals(),1,616
String.equals(),1,622
String.equals(),1,722
String.equals(),1,714
String.equals(),1,613
String.equals(),1,657
String.equals(),1,697
String.equals(),1,669
String.equals(),1,689
String.equals(),1,598
String.equals(),1,623
String.equals(),1,624
String.equals(),1,727
String.equals(),1,658
String.equals(),1,525
String.equals(),1,728
String.equals(),1,683
String.equals(),1,645
String.equals(),1,571
String.equals(),1,597
String.equals(),1,643
String.equals(),1,745
String.equals(),1,583
String.equals(),1,682
String.equals(),1,620
String.equals(),1,750
String.equals(),1,701
String.equals(),1,511
String.equals(),1,564
String.equals(),1,551
String.equals(),1,649
String.equals(),1,658
String.equals(),1,655
String.equals(),1,679
String.equals(),1,633
String.equals(),1,624
String.equals(),1,725
String.equals(),1,699
String.equals(),1,628
String.equals(),1,738
String.equals(),1,674
String.equals(),1,583
String.equals(),1,683
String.equals(),1,576
String.equals(),1,675
String.equals(),1,742
String.equals(),1,683
String.equals(),1,675
String.equals(),1,583
String.equals(),1,592
String.equals(),1,653
String.equals(),1,706
String.equals(),1,665
String.equals(),1,664
String.equals(),1,629
String.equals(),1,691
String.equals(),1,665
String.equals(),1,538
String.equals(),1,628
String.equals(),1,689
String.equals(),2,832
String.equals(),2,799
String.equals(),2,783
String.equals(),2,782
String.equals(),2,834
String.equals(),2,812
String.equals(),2,741
String.equals(),2,860
String.equals(),2,836
String.equals(),2,845
String.equals(),2,915
String.equals(),2,758
String.equals(),2,766
String.equals(),2,764
String.equals(),2,813
String.equals(),2,779
String.equals(),2,757
String.equals(),2,846
String.equals(),2,829
String.equals(),2,820
String.equals(),2,771
String.equals(),2,729
String.equals(),2,839
String.equals(),2,865
String.equals(),2,812
String.equals(),2,795
String.equals(),2,845
String.equals(),2,858
String.equals(),2,813
String.equals(),2,873
String.equals(),2,758
String.equals(),2,786
String.equals(),2,833
String.equals(),2,775
String.equals(),2,813
String.equals(),2,832
String.equals(),2,749
String.equals(),2,860
String.equals(),2,802
String.equals(),2,870
String.equals(),2,914
String.equals(),2,832
String.equals(),2,825
String.equals(),2,767
String.equals(),2,736
String.equals(),2,787
String.equals(),2,809
String.equals(),2,830
String.equals(),2,772
String.equals(),2,703
String.equals(),2,888
String.equals(),2,816
String.equals(),2,860
String.equals(),2,803
String.equals(),2,764
String.equals(),2,688
String.equals(),2,797
String.equals(),2,807
String.equals(),2,793
String.equals(),2,836
String.equals(),2,788
String.equals(),2,878
String.equals(),2,787
String.equals(),2,859
String.equals(),2,817
String.equals(),2,821
String.equals(),2,866
String.equals(),2,803
String.equals(),2,819
String.equals(),2,749
String.equals(),2,755
String.equals(),2,831
String.equals(),2,746
String.equals(),2,886
String.equals(),2,856
String.equals(),2,794
String.equals(),2,870
String.equals(),2,822
String.equals(),2,762
String.equals(),2,806
String.equals(),2,779
String.equals(),2,919
String.equals(),2,806
String.equals(),2,779
String.equals(),2,895
String.equals(),2,876
String.equals(),2,862
String.equals(),2,769
String.equals(),2,707
String.equals(),2,835
String.equals(),2,820
String.equals(),2,781
String.equals(),2,776
String.equals(),2,829
String.equals(),2,820
String.equals(),2,822
String.equals(),2,737
String.equals(),2,839
String.equals(),2,800
String.equals(),2,856
String.equals(),3,997
String.equals(),3,940
String.equals(),3,975
String.equals(),3,942
String.equals(),3,911
String.equals(),3,907
String.equals(),3,935
String.equals(),3,936
String.equals(),3,879
String.equals(),3,970
String.equals(),3,873
String.equals(),3,1010
String.equals(),3,1041
String.equals(),3,987
String.equals(),3,923
String.equals(),3,915
String.equals(),3,902
String.equals(),3,926
String.equals(),3,974
String.equals(),3,883
String.equals(),3,968
String.equals(),3,985
String.equals(),3,944
String.equals(),3,1017
String.equals(),3,846
String.equals(),3,981
String.equals(),3,912
String.equals(),3,934
String.equals(),3,1042
String.equals(),3,948
String.equals(),3,969
String.equals(),3,1067
String.equals(),3,965
String.equals(),3,939
String.equals(),3,970
String.equals(),3,935
String.equals(),3,954
String.equals(),3,972
String.equals(),3,936
String.equals(),3,966
String.equals(),3,947
String.equals(),3,990
String.equals(),3,905
String.equals(),3,951
String.equals(),3,951
String.equals(),3,904
String.equals(),3,982
String.equals(),3,925
String.equals(),3,839
String.equals(),3,1052
String.equals(),3,863
String.equals(),3,927
String.equals(),3,924
String.equals(),3,891
String.equals(),3,895
String.equals(),3,1015
String.equals(),3,887
String.equals(),3,1035
String.equals(),3,940
String.equals(),3,942
String.equals(),3,897
String.equals(),3,891
String.equals(),3,931
String.equals(),3,857
String.equals(),3,883
String.equals(),3,986
String.equals(),3,945
String.equals(),3,962
String.equals(),3,902
String.equals(),3,1010
String.equals(),3,943
String.equals(),3,875
String.equals(),3,914
String.equals(),3,1109
String.equals(),3,1054
String.equals(),3,925
String.equals(),3,956
String.equals(),3,918
String.equals(),3,843
String.equals(),3,904
String.equals(),3,988
String.equals(),3,990
String.equals(),3,928
String.equals(),3,904
String.equals(),3,953
String.equals(),3,953
String.equals(),3,854
String.equals(),3,1032
String.equals(),3,1059
String.equals(),3,876
String.equals(),3,941
String.equals(),3,908
String.equals(),3,986
String.equals(),3,924
String.equals(),3,873
String.equals(),3,1018
String.equals(),3,953
String.equals(),3,942
String.equals(),3,980
String.equals(),3,987
String.equals(),4,1086
String.equals(),4,1086
String.equals(),4,1116
String.equals(),4,1078
String.equals(),4,1044
String.equals(),4,1154
String.equals(),4,1118
String.equals(),4,1010
String.equals(),4,1099
String.equals(),4,1101
String.equals(),4,1164
String.equals(),4,1134
String.equals(),4,1019
String.equals(),4,1202
String.equals(),4,1136
String.equals(),4,1134
String.equals(),4,1127
String.equals(),4,1114
String.equals(),4,1087
String.equals(),4,1066
String.equals(),4,1119
String.equals(),4,1061
String.equals(),4,1097
String.equals(),4,1090
String.equals(),4,1029
String.equals(),4,1049
String.equals(),4,1131
String.equals(),4,1139
String.equals(),4,1080
String.equals(),4,1104
String.equals(),4,1100
String.equals(),4,1131
String.equals(),4,1062
String.equals(),4,1103
String.equals(),4,1074
String.equals(),4,1104
String.equals(),4,1146
String.equals(),4,1115
String.equals(),4,1148
String.equals(),4,1028
String.equals(),4,1114
String.equals(),4,1141
String.equals(),4,1053
String.equals(),4,1071
String.equals(),4,977
String.equals(),4,1112
String.equals(),4,1026
String.equals(),4,1141
String.equals(),4,1148
String.equals(),4,1065
String.equals(),4,1137
String.equals(),4,1087
String.equals(),4,1058
String.equals(),4,1065
String.equals(),4,1035
String.equals(),4,1138
String.equals(),4,1052
String.equals(),4,1068
String.equals(),4,1127
String.equals(),4,1090
String.equals(),4,1035
String.equals(),4,1073
String.equals(),4,1135
String.equals(),4,1088
String.equals(),4,1100
String.equals(),4,1164
String.equals(),4,1147
String.equals(),4,1200
String.equals(),4,1059
String.equals(),4,1097
String.equals(),4,1126
String.equals(),4,1195
String.equals(),4,1040
String.equals(),4,1070
String.equals(),4,1153
String.equals(),4,1124
String.equals(),4,1099
String.equals(),4,1167
String.equals(),4,1146
String.equals(),4,1094
String.equals(),4,1079
String.equals(),4,1091
String.equals(),4,1113
String.equals(),4,1164
String.equals(),4,1056
String.equals(),4,1129
String.equals(),4,1085
String.equals(),4,1139
String.equals(),4,1169
String.equals(),4,1105
String.equals(),4,1018
String.equals(),4,1152
String.equals(),4,1102
String.equals(),4,1086
String.equals(),4,1113
String.equals(),4,1111
String.equals(),4,1221
String.equals(),4,1076
String.equals(),4,1090
String.equals(),4,1110
String.equals(),5,1213
String.equals(),5,1147
String.equals(),5,1235
String.equals(),5,1284
String.equals(),5,1227
String.equals(),5,1218
String.equals(),5,1360
String.equals(),5,1217
String.equals(),5,1306
String.equals(),5,1244
String.equals(),5,1300
String.equals(),5,1192
String.equals(),5,1247
String.equals(),5,1160
String.equals(),5,1231
String.equals(),5,1285
String.equals(),5,1226
String.equals(),5,1183
String.equals(),5,1218
String.equals(),5,1212
String.equals(),5,1243
String.equals(),5,1157
String.equals(),5,1193
String.equals(),5,1234
String.equals(),5,1224
String.equals(),5,1270
String.equals(),5,1174
String.equals(),5,1215
String.equals(),5,1161
String.equals(),5,1287
String.equals(),5,1241
String.equals(),5,1230
String.equals(),5,1266
String.equals(),5,1332
String.equals(),5,1212
String.equals(),5,1194
String.equals(),5,1224
String.equals(),5,1267
String.equals(),5,1321
String.equals(),5,1259
String.equals(),5,1218
String.equals(),5,1279
String.equals(),5,1258
String.equals(),5,1217
String.equals(),5,1262
String.equals(),5,1314
String.equals(),5,1239
String.equals(),5,1241
String.equals(),5,1185
String.equals(),5,1233
String.equals(),5,1196
String.equals(),5,1214
String.equals(),5,1231
String.equals(),5,1299
String.equals(),5,1297
String.equals(),5,1301
String.equals(),5,1263
String.equals(),5,1225
String.equals(),5,1173
String.equals(),5,1170
String.equals(),5,1185
String.equals(),5,1245
String.equals(),5,1279
String.equals(),5,1228
String.equals(),5,1256
String.equals(),5,1219
String.equals(),5,1207
String.equals(),5,1186
String.equals(),5,1255
String.equals(),5,1330
String.equals(),5,1223
String.equals(),5,1309
String.equals(),5,1165
String.equals(),5,1204
String.equals(),5,1239
String.equals(),5,1262
String.equals(),5,1298
String.equals(),5,1310
String.equals(),5,1277
String.equals(),5,1370
String.equals(),5,1286
String.equals(),5,1335
String.equals(),5,1291
String.equals(),5,1328
String.equals(),5,1194
String.equals(),5,1256
String.equals(),5,1142
String.equals(),5,1258
String.equals(),5,1283
String.equals(),5,1272
String.equals(),5,1165
String.equals(),5,1206
String.equals(),5,1283
String.equals(),5,1206
String.equals(),5,1202
String.equals(),5,1223
String.equals(),5,1274
String.equals(),5,1278
String.equals(),5,1202
String.equals(),5,1361
String.equals(),6,1395
String.equals(),6,1381
String.equals(),6,1385
String.equals(),6,1427
String.equals(),6,1347
String.equals(),6,1429
String.equals(),6,1304
String.equals(),6,1327
String.equals(),6,1376
String.equals(),6,1447
String.equals(),6,1357
String.equals(),6,1451
String.equals(),6,1425
String.equals(),6,1383
String.equals(),6,1371
String.equals(),6,1353
String.equals(),6,1434
String.equals(),6,1471
String.equals(),6,1462
String.equals(),6,1402
String.equals(),6,1421
String.equals(),6,1393
String.equals(),6,1380
String.equals(),6,1311
String.equals(),6,1448
String.equals(),6,1464
String.equals(),6,1390
String.equals(),6,1406
String.equals(),6,1310
String.equals(),6,1419
String.equals(),6,1394
String.equals(),6,1467
String.equals(),6,1371
String.equals(),6,1401
String.equals(),6,1459
String.equals(),6,1440
String.equals(),6,1427
String.equals(),6,1450
String.equals(),6,1421
String.equals(),6,1415
String.equals(),6,1381
String.equals(),6,1429
String.equals(),6,1449
String.equals(),6,1378
String.equals(),6,1373
String.equals(),6,1351
String.equals(),6,1418
String.equals(),6,1296
String.equals(),6,1463
String.equals(),6,1425
String.equals(),6,1360
String.equals(),6,1370
String.equals(),6,1440
String.equals(),6,1493
String.equals(),6,1389
String.equals(),6,1408
String.equals(),6,1420
String.equals(),6,1475
String.equals(),6,1331
String.equals(),6,1389
String.equals(),6,1398
String.equals(),6,1443
String.equals(),6,1349
String.equals(),6,1249
String.equals(),6,1319
String.equals(),6,1326
String.equals(),6,1393
String.equals(),6,1419
String.equals(),6,1401
String.equals(),6,1400
String.equals(),6,1446
String.equals(),6,1512
String.equals(),6,1363
String.equals(),6,1365
String.equals(),6,1506
String.equals(),6,1413
String.equals(),6,1407
String.equals(),6,1334
String.equals(),6,1399
String.equals(),6,1449
String.equals(),6,1403
String.equals(),6,1377
String.equals(),6,1372
String.equals(),6,1468
String.equals(),6,1409
String.equals(),6,1451
String.equals(),6,1319
String.equals(),6,1406
String.equals(),6,1376
String.equals(),6,1439
String.equals(),6,1401
String.equals(),6,1402
String.equals(),6,1411
String.equals(),6,1413
String.equals(),6,1328
String.equals(),6,1427
String.equals(),6,1298
String.equals(),6,1332
String.equals(),6,1389
String.equals(),6,1387
String.equals(),7,1581
String.equals(),7,1489
String.equals(),7,1505
String.equals(),7,1595
String.equals(),7,1578
String.equals(),7,1578
String.equals(),7,1579
String.equals(),7,1519
String.equals(),7,1532
String.equals(),7,1584
String.equals(),7,1444
String.equals(),7,1528
String.equals(),7,1645
String.equals(),7,1543
String.equals(),7,1512
String.equals(),7,1508
String.equals(),7,1491
String.equals(),7,1506
String.equals(),7,1525
String.equals(),7,1615
String.equals(),7,1575
String.equals(),7,1494
String.equals(),7,1489
String.equals(),7,1488
String.equals(),7,1546
String.equals(),7,1614
String.equals(),7,1535
String.equals(),7,1682
String.equals(),7,1615
String.equals(),7,1545
String.equals(),7,1592
String.equals(),7,1555
String.equals(),7,1527
String.equals(),7,1539
String.equals(),7,1570
String.equals(),7,1469
String.equals(),7,1634
String.equals(),7,1618
String.equals(),7,1576
String.equals(),7,1546
String.equals(),7,1527
String.equals(),7,1516
String.equals(),7,1575
String.equals(),7,1495
String.equals(),7,1459
String.equals(),7,1512
String.equals(),7,1533
String.equals(),7,1616
String.equals(),7,1529
String.equals(),7,1472
String.equals(),7,1617
String.equals(),7,1561
String.equals(),7,1521
String.equals(),7,1590
String.equals(),7,1448
String.equals(),7,1555
String.equals(),7,1451
String.equals(),7,1541
String.equals(),7,1547
String.equals(),7,1511
String.equals(),7,1564
String.equals(),7,1572
String.equals(),7,1615
String.equals(),7,1464
String.equals(),7,1488
String.equals(),7,1598
String.equals(),7,1567
String.equals(),7,1579
String.equals(),7,1575
String.equals(),7,1512
String.equals(),7,1522
String.equals(),7,1631
String.equals(),7,1619
String.equals(),7,1499
String.equals(),7,1518
String.equals(),7,1495
String.equals(),7,1581
String.equals(),7,1443
String.equals(),7,1494
String.equals(),7,1485
String.equals(),7,1550
String.equals(),7,1455
String.equals(),7,1600
String.equals(),7,1611
String.equals(),7,1574
String.equals(),7,1506
String.equals(),7,1510
String.equals(),7,1557
String.equals(),7,1576
String.equals(),7,1517
String.equals(),7,1552
String.equals(),7,1587
String.equals(),7,1632
String.equals(),7,1498
String.equals(),7,1400
String.equals(),7,1524
String.equals(),7,1551
String.equals(),7,1577
String.equals(),7,1507
String.equals(),7,1652
String.equals(),8,1755
String.equals(),8,1770
String.equals(),8,1640
String.equals(),8,1650
String.equals(),8,1715
String.equals(),8,1634
String.equals(),8,1621
String.equals(),8,1745
String.equals(),8,1689
String.equals(),8,1691
String.equals(),8,1691
String.equals(),8,1658
String.equals(),8,1731
String.equals(),8,1794
String.equals(),8,1702
String.equals(),8,1731
String.equals(),8,1697
String.equals(),8,1723
String.equals(),8,1780
String.equals(),8,1628
String.equals(),8,1698
String.equals(),8,1722
String.equals(),8,1627
String.equals(),8,1733
String.equals(),8,1620
String.equals(),8,1749
String.equals(),8,1676
String.equals(),8,1733
String.equals(),8,1748
String.equals(),8,1697
String.equals(),8,1697
String.equals(),8,1696
String.equals(),8,1660
String.equals(),8,1583
String.equals(),8,1691
String.equals(),8,1700
String.equals(),8,1719
String.equals(),8,1765
String.equals(),8,1765
String.equals(),8,1764
String.equals(),8,1714
String.equals(),8,1746
String.equals(),8,1707
String.equals(),8,1675
String.equals(),8,1702
String.equals(),8,1670
String.equals(),8,1708
String.equals(),8,1626
String.equals(),8,1784
String.equals(),8,1801
String.equals(),8,1780
String.equals(),8,1677
String.equals(),8,1652
String.equals(),8,1718
String.equals(),8,1698
String.equals(),8,1737
String.equals(),8,1599
String.equals(),8,1696
String.equals(),8,1652
String.equals(),8,1698
String.equals(),8,1690
String.equals(),8,1743
String.equals(),8,1680
String.equals(),8,1765
String.equals(),8,1691
String.equals(),8,1694
String.equals(),8,1653
String.equals(),8,1722
String.equals(),8,1747
String.equals(),8,1703
String.equals(),8,1700
String.equals(),8,1596
String.equals(),8,1725
String.equals(),8,1700
String.equals(),8,1722
String.equals(),8,1783
String.equals(),8,1695
String.equals(),8,1721
String.equals(),8,1780
String.equals(),8,1667
String.equals(),8,1753
String.equals(),8,1665
String.equals(),8,1692
String.equals(),8,1680
String.equals(),8,1680
String.equals(),8,1739
String.equals(),8,1651
String.equals(),8,1639
String.equals(),8,1702
String.equals(),8,1668
String.equals(),8,1647
String.equals(),8,1724
String.equals(),8,1713
String.equals(),8,1705
String.equals(),8,1671
String.equals(),8,1744
String.equals(),8,1666
String.equals(),8,1808
String.equals(),8,1771
String.equals(),8,1703
String.equals(),9,1911
String.equals(),9,1884
String.equals(),9,1862
String.equals(),9,1862
String.equals(),9,1793
String.equals(),9,1913
String.equals(),9,1860
String.equals(),9,1795
String.equals(),9,1801
String.equals(),9,1901
String.equals(),9,1893
String.equals(),9,1905
String.equals(),9,1949
String.equals(),9,1868
String.equals(),9,1918
String.equals(),9,1895
String.equals(),9,1947
String.equals(),9,1896
String.equals(),9,1844
String.equals(),9,1759
String.equals(),9,1849
String.equals(),9,1880
String.equals(),9,1855
String.equals(),9,1857
String.equals(),9,1877
String.equals(),9,1823
String.equals(),9,1870
String.equals(),9,1867
String.equals(),9,1822
String.equals(),9,1836
String.equals(),9,1813
String.equals(),9,1828
String.equals(),9,1854
String.equals(),9,1794
String.equals(),9,1846
String.equals(),9,1830
String.equals(),9,1794
String.equals(),9,1836
String.equals(),9,1811
String.equals(),9,1913
String.equals(),9,1923
String.equals(),9,1824
String.equals(),9,1835
String.equals(),9,1804
String.equals(),9,1908
String.equals(),9,1814
String.equals(),9,1795
String.equals(),9,1833
String.equals(),9,1861
String.equals(),9,1812
String.equals(),9,1789
String.equals(),9,1832
String.equals(),9,1829
String.equals(),9,1810
String.equals(),9,1830
String.equals(),9,1901
String.equals(),9,1852
String.equals(),9,1793
String.equals(),9,1906
String.equals(),9,1826
String.equals(),9,1909
String.equals(),9,1887
String.equals(),9,1855
String.equals(),9,1811
String.equals(),9,1855
String.equals(),9,1859
String.equals(),9,1881
String.equals(),9,1786
String.equals(),9,1815
String.equals(),9,1910
String.equals(),9,1885
String.equals(),9,1982
String.equals(),9,1915
String.equals(),9,1771
String.equals(),9,1847
String.equals(),9,1759
String.equals(),9,1906
String.equals(),9,1904
String.equals(),9,1837
String.equals(),9,1773
String.equals(),9,1805
String.equals(),9,1926
String.equals(),9,1824
String.equals(),9,1838
String.equals(),9,1864
String.equals(),9,1895
String.equals(),9,1905
String.equals(),9,1794
String.equals(),9,1768
String.equals(),9,1859
String.equals(),9,1868
String.equals(),9,1706
String.equals(),9,1874
String.equals(),9,1822
String.equals(),9,1848
String.equals(),9,1856
String.equals(),9,1907
String.equals(),9,1877
String.equals(),9,1876
String.equals(),9,1848
String.equals(),10,1999
String.equals(),10,1937
String.equals(),10,1960
String.equals(),10,1970
String.equals(),10,2017
String.equals(),10,1882
String.equals(),10,1969
String.equals(),10,2093
String.equals(),10,2031
String.equals(),10,2064
String.equals(),10,2038
String.equals(),10,2050
String.equals(),10,1938
String.equals(),10,2039
String.equals(),10,1930
String.equals(),10,1951
String.equals(),10,2017
String.equals(),10,2009
String.equals(),10,1974
String.equals(),10,2027
String.equals(),10,2059
String.equals(),10,2031
String.equals(),10,1937
String.equals(),10,1950
String.equals(),10,2036
String.equals(),10,2028
String.equals(),10,2018
String.equals(),10,2019
String.equals(),10,1949
String.equals(),10,2060
String.equals(),10,1953
String.equals(),10,1985
String.equals(),10,1997
String.equals(),10,1992
String.equals(),10,1929
String.equals(),10,2070
String.equals(),10,2053
String.equals(),10,1956
String.equals(),10,2001
String.equals(),10,1998
String.equals(),10,2024
String.equals(),10,2093
String.equals(),10,2008
String.equals(),10,2080
String.equals(),10,1987
String.equals(),10,2066
String.equals(),10,1950
String.equals(),10,1920
String.equals(),10,2030
String.equals(),10,1968
String.equals(),10,1983
String.equals(),10,2050
String.equals(),10,1985
String.equals(),10,2012
String.equals(),10,1902
String.equals(),10,2026
String.equals(),10,2023
String.equals(),10,1952
String.equals(),10,2091
String.equals(),10,1992
String.equals(),10,1942
String.equals(),10,1999
String.equals(),10,1948
String.equals(),10,1914
String.equals(),10,1973
String.equals(),10,1964
String.equals(),10,1978
String.equals(),10,2037
String.equals(),10,1955
String.equals(),10,1965
String.equals(),10,1992
String.equals(),10,1982
String.equals(),10,1933
String.equals(),10,2041
String.equals(),10,1979
String.equals(),10,2029
String.equals(),10,2008
String.equals(),10,1966
String.equals(),10,2009
String.equals(),10,2063
String.equals(),10,2027
String.equals(),10,1968
String.equals(),10,2054
String.equals(),10,1994
String.equals(),10,1982
String.equals(),10,2037
String.equals(),10,1945
String.equals(),10,1961
String.equals(),10,1981
String.equals(),10,1989
String.equals(),10,1976
String.equals(),10,2030
String.equals(),10,1976
String.equals(),10,1840
String.equals(),10,2009
String.equals(),10,2021
String.equals(),10,1980
String.equals(),10,1982
String.equals(),10,1962
String.equals(),10,2012
String.equals(),11,2197
String.equals(),11,2150
String.equals(),11,2155
String.equals(),11,2073
String.equals(),11,2154
String.equals(),11,2207
String.equals(),11,2075
String.equals(),11,2176
String.equals(),11,2174
String.equals(),11,2131
String.equals(),11,2249
String.equals(),11,2162
String.equals(),11,2135
String.equals(),11,2128
String.equals(),11,2169
String.equals(),11,2056
String.equals(),11,2057
String.equals(),11,2154
String.equals(),11,2086
String.equals(),11,2236
String.equals(),11,2091
String.equals(),11,2158
String.equals(),11,2072
String.equals(),11,2150
String.equals(),11,2143
String.equals(),11,2137
String.equals(),11,2152
String.equals(),11,2135
String.equals(),11,2181
String.equals(),11,2090
String.equals(),11,2128
String.equals(),11,2115
String.equals(),11,2222
String.equals(),11,2144
String.equals(),11,2229
String.equals(),11,2077
String.equals(),11,2124
String.equals(),11,2028
String.equals(),11,2153
String.equals(),11,2116
String.equals(),11,2207
String.equals(),11,2180
String.equals(),11,2190
String.equals(),11,2121
String.equals(),11,2097
String.equals(),11,2175
String.equals(),11,2098
String.equals(),11,2241
String.equals(),11,2183
String.equals(),11,2119
String.equals(),11,2163
String.equals(),11,2166
String.equals(),11,2199
String.equals(),11,2057
String.equals(),11,2178
String.equals(),11,2125
String.equals(),11,2201
String.equals(),11,2146
String.equals(),11,2168
String.equals(),11,2137
String.equals(),11,2173
String.equals(),11,2127
String.equals(),11,2137
String.equals(),11,2103
String.equals(),11,2138
String.equals(),11,2096
String.equals(),11,2128
String.equals(),11,2176
String.equals(),11,2172
String.equals(),11,2118
String.equals(),11,2117
String.equals(),11,2154
String.equals(),11,2107
String.equals(),11,2221
String.equals(),11,2184
String.equals(),11,2130
String.equals(),11,2208
String.equals(),11,2150
String.equals(),11,2209
String.equals(),11,2071
String.equals(),11,2117
String.equals(),11,2204
String.equals(),11,2190
String.equals(),11,2170
String.equals(),11,2075
String.equals(),11,2185
String.equals(),11,2115
String.equals(),11,2162
String.equals(),11,2065
String.equals(),11,2086
String.equals(),11,2167
String.equals(),11,2177
String.equals(),11,2055
String.equals(),11,2152
String.equals(),11,2108
String.equals(),11,2135
String.equals(),11,2243
String.equals(),11,2184
String.equals(),11,2175
String.equals(),11,2167
String.equals(),12,2184
String.equals(),12,2308
String.equals(),12,2419
String.equals(),12,2288
String.equals(),12,2424
String.equals(),12,2283
String.equals(),12,2315
String.equals(),12,2320
String.equals(),12,2206
String.equals(),12,2330
String.equals(),12,2310
String.equals(),12,2314
String.equals(),12,2295
String.equals(),12,2253
String.equals(),12,2264
String.equals(),12,2305
String.equals(),12,2316
String.equals(),12,2405
String.equals(),12,2263
String.equals(),12,2325
String.equals(),12,2292
String.equals(),12,2308
String.equals(),12,2322
String.equals(),12,2261
String.equals(),12,2257
String.equals(),12,2217
String.equals(),12,2350
String.equals(),12,2229
String.equals(),12,2255
String.equals(),12,2316
String.equals(),12,2158
String.equals(),12,2265
String.equals(),12,2271
String.equals(),12,2368
String.equals(),12,2359
String.equals(),12,2226
String.equals(),12,2363
String.equals(),12,2334
String.equals(),12,2282
String.equals(),12,2316
String.equals(),12,2270
String.equals(),12,2279
String.equals(),12,2312
String.equals(),12,2266
String.equals(),12,2445
String.equals(),12,2299
String.equals(),12,2228
String.equals(),12,2332
String.equals(),12,2334
String.equals(),12,2276
String.equals(),12,2250
String.equals(),12,2280
String.equals(),12,2301
String.equals(),12,2331
String.equals(),12,2356
String.equals(),12,2349
String.equals(),12,2354
String.equals(),12,2423
String.equals(),12,2313
String.equals(),12,2258
String.equals(),12,2267
String.equals(),12,2331
String.equals(),12,2317
String.equals(),12,2332
String.equals(),12,2165
String.equals(),12,2279
String.equals(),12,2316
String.equals(),12,2324
String.equals(),12,2367
String.equals(),12,2237
String.equals(),12,2296
String.equals(),12,2380
String.equals(),12,2331
String.equals(),12,2304
String.equals(),12,2227
String.equals(),12,2302
String.equals(),12,2393
String.equals(),12,2368
String.equals(),12,2243
String.equals(),12,2337
String.equals(),12,2242
String.equals(),12,2238
String.equals(),12,2280
String.equals(),12,2327
String.equals(),12,2369
String.equals(),12,2310
String.equals(),12,2238
String.equals(),12,2344
String.equals(),12,2309
String.equals(),12,2330
String.equals(),12,2305
String.equals(),12,2356
String.equals(),12,2296
String.equals(),12,2308
String.equals(),12,2426
String.equals(),12,2301
String.equals(),12,2340
String.equals(),12,2313
String.equals(),12,2268
String.equals(),12,2360
String.equals(),13,2517
String.equals(),13,2410
String.equals(),13,2379
String.equals(),13,2405
String.equals(),13,2422
String.equals(),13,2399
String.equals(),13,2400
String.equals(),13,2439
String.equals(),13,2486
String.equals(),13,2495
String.equals(),13,2476
String.equals(),13,2411
String.equals(),13,2571
String.equals(),13,2443
String.equals(),13,2501
String.equals(),13,2495
String.equals(),13,2469
String.equals(),13,2440
String.equals(),13,2448
String.equals(),13,2347
String.equals(),13,2435
String.equals(),13,2419
String.equals(),13,2463
String.equals(),13,2446
String.equals(),13,2491
String.equals(),13,2424
String.equals(),13,2510
String.equals(),13,2476
String.equals(),13,2346
String.equals(),13,2429
String.equals(),13,2419
String.equals(),13,2477
String.equals(),13,2375
String.equals(),13,2455
String.equals(),13,2425
String.equals(),13,2412
String.equals(),13,2511
String.equals(),13,2542
String.equals(),13,2447
String.equals(),13,2438
String.equals(),13,2458
String.equals(),13,2485
String.equals(),13,2435
String.equals(),13,2312
String.equals(),13,2463
String.equals(),13,2383
String.equals(),13,2513
String.equals(),13,2483
String.equals(),13,2430
String.equals(),13,2523
String.equals(),13,2487
String.equals(),13,2377
String.equals(),13,2513
String.equals(),13,2370
String.equals(),13,2478
String.equals(),13,2449
String.equals(),13,2383
String.equals(),13,2360
String.equals(),13,2444
String.equals(),13,2403
String.equals(),13,2498
String.equals(),13,2419
String.equals(),13,2483
String.equals(),13,2439
String.equals(),13,2391
String.equals(),13,2419
String.equals(),13,2494
String.equals(),13,2406
String.equals(),13,2410
String.equals(),13,2494
String.equals(),13,2405
String.equals(),13,2560
String.equals(),13,2509
String.equals(),13,2499
String.equals(),13,2469
String.equals(),13,2435
String.equals(),13,2458
String.equals(),13,2480
String.equals(),13,2468
String.equals(),13,2402
String.equals(),13,2530
String.equals(),13,2389
String.equals(),13,2438
String.equals(),13,2441
String.equals(),13,2416
String.equals(),13,2504
String.equals(),13,2467
String.equals(),13,2440
String.equals(),13,2409
String.equals(),13,2459
String.equals(),13,2398
String.equals(),13,2501
String.equals(),13,2508
String.equals(),13,2422
String.equals(),13,2382
String.equals(),13,2498
String.equals(),13,2448
String.equals(),13,2397
String.equals(),13,2458
String.equals(),13,2488
String.equals(),14,2628
String.equals(),14,2596
String.equals(),14,2634
String.equals(),14,2682
String.equals(),14,2612
String.equals(),14,2617
String.equals(),14,2726
String.equals(),14,2648
String.equals(),14,2593
String.equals(),14,2599
String.equals(),14,2601
String.equals(),14,2657
String.equals(),14,2602
String.equals(),14,2616
String.equals(),14,2644
String.equals(),14,2658
String.equals(),14,2607
String.equals(),14,2606
String.equals(),14,2535
String.equals(),14,2594
String.equals(),14,2648
String.equals(),14,2621
String.equals(),14,2562
String.equals(),14,2667
String.equals(),14,2667
String.equals(),14,2684
String.equals(),14,2490
String.equals(),14,2580
String.equals(),14,2638
String.equals(),14,2556
String.equals(),14,2621
String.equals(),14,2673
String.equals(),14,2552
String.equals(),14,2545
String.equals(),14,2631
String.equals(),14,2580
String.equals(),14,2606
String.equals(),14,2610
String.equals(),14,2646
String.equals(),14,2592
String.equals(),14,2596
String.equals(),14,2593
String.equals(),14,2623
String.equals(),14,2561
String.equals(),14,2541
String.equals(),14,2628
String.equals(),14,2568
String.equals(),14,2612
String.equals(),14,2647
String.equals(),14,2633
String.equals(),14,2619
String.equals(),14,2659
String.equals(),14,2656
String.equals(),14,2547
String.equals(),14,2595
String.equals(),14,2623
String.equals(),14,2609
String.equals(),14,2606
String.equals(),14,2626
String.equals(),14,2659
String.equals(),14,2561
String.equals(),14,2542
String.equals(),14,2595
String.equals(),14,2553
String.equals(),14,2602
String.equals(),14,2588
String.equals(),14,2617
String.equals(),14,2586
String.equals(),14,2695
String.equals(),14,2574
String.equals(),14,2671
String.equals(),14,2586
String.equals(),14,2578
String.equals(),14,2592
String.equals(),14,2641
String.equals(),14,2487
String.equals(),14,2612
String.equals(),14,2567
String.equals(),14,2587
String.equals(),14,2552
String.equals(),14,2606
String.equals(),14,2552
String.equals(),14,2559
String.equals(),14,2586
String.equals(),14,2614
String.equals(),14,2574
String.equals(),14,2466
String.equals(),14,2527
String.equals(),14,2561
String.equals(),14,2507
String.equals(),14,2616
String.equals(),14,2554
String.equals(),14,2583
String.equals(),14,2617
String.equals(),14,2562
String.equals(),14,2535
String.equals(),14,2583
String.equals(),14,2639
String.equals(),14,2593
String.equals(),14,2567
String.equals(),15,2760
String.equals(),15,2763
String.equals(),15,2786
String.equals(),15,2780
String.equals(),15,2717
String.equals(),15,2772
String.equals(),15,2836
String.equals(),15,2699
String.equals(),15,2850
String.equals(),15,2613
String.equals(),15,2702
String.equals(),15,2720
String.equals(),15,2772
String.equals(),15,2777
String.equals(),15,2737
String.equals(),15,2776
String.equals(),15,2749
String.equals(),15,2762
String.equals(),15,2731
String.equals(),15,2714
String.equals(),15,2702
String.equals(),15,2754
String.equals(),15,2680
String.equals(),15,2756
String.equals(),15,2714
String.equals(),15,2755
String.equals(),15,2737
String.equals(),15,2791
String.equals(),15,2777
String.equals(),15,2732
String.equals(),15,2721
String.equals(),15,2734
String.equals(),15,2710
String.equals(),15,2704
String.equals(),15,2778
String.equals(),15,2824
String.equals(),15,2796
String.equals(),15,2818
String.equals(),15,2706
String.equals(),15,2689
String.equals(),15,2743
String.equals(),15,2712
String.equals(),15,2785
String.equals(),15,2764
String.equals(),15,2710
String.equals(),15,2703
String.equals(),15,2778
String.equals(),15,2822
String.equals(),15,2753
String.equals(),15,2821
String.equals(),15,2803
String.equals(),15,2699
String.equals(),15,2880
String.equals(),15,2732
String.equals(),15,2814
String.equals(),15,2830
String.equals(),15,2735
String.equals(),15,2732
String.equals(),15,2764
String.equals(),15,2735
String.equals(),15,2731
String.equals(),15,2771
String.equals(),15,2761
String.equals(),15,2735
String.equals(),15,2695
String.equals(),15,2833
String.equals(),15,2723
String.equals(),15,2686
String.equals(),15,2742
String.equals(),15,2643
String.equals(),15,2680
String.equals(),15,2620
String.equals(),15,2750
String.equals(),15,2753
String.equals(),15,2659
String.equals(),15,2748
String.equals(),15,2737
String.equals(),15,2814
String.equals(),15,2816
String.equals(),15,2747
String.equals(),15,2760
String.equals(),15,2766
String.equals(),15,2708
String.equals(),15,2822
String.equals(),15,2688
String.equals(),15,2720
String.equals(),15,2728
String.equals(),15,2769
String.equals(),15,2755
String.equals(),15,2731
String.equals(),15,2786
String.equals(),15,2729
String.equals(),15,2832
String.equals(),15,2754
String.equals(),15,2739
String.equals(),15,2763
String.equals(),15,2714
String.equals(),15,2682
String.equals(),15,2710
String.equals(),15,2779
String.equals(),16,2876
String.equals(),16,2869
String.equals(),16,2839
String.equals(),16,2930
String.equals(),16,2879
String.equals(),16,2884
String.equals(),16,2834
String.equals(),16,2920
String.equals(),16,2947
String.equals(),16,2870
String.equals(),16,3022
String.equals(),16,2902
String.equals(),16,2786
String.equals(),16,2832
String.equals(),16,2869
String.equals(),16,2819
String.equals(),16,2860
String.equals(),16,2881
String.equals(),16,2826
String.equals(),16,2927
String.equals(),16,2930
String.equals(),16,2881
String.equals(),16,2882
String.equals(),16,2815
String.equals(),16,2966
String.equals(),16,2869
String.equals(),16,2834
String.equals(),16,2880
String.equals(),16,2956
String.equals(),16,2876
String.equals(),16,2911
String.equals(),16,2998
String.equals(),16,2865
String.equals(),16,2895
String.equals(),16,3034
String.equals(),16,2854
String.equals(),16,2900
String.equals(),16,2915
String.equals(),16,2969
String.equals(),16,2911
String.equals(),16,2880
String.equals(),16,2845
String.equals(),16,2949
String.equals(),16,2866
String.equals(),16,2839
String.equals(),16,2865
String.equals(),16,2826
String.equals(),16,2908
String.equals(),16,2917
String.equals(),16,2961
String.equals(),16,2924
String.equals(),16,2951
String.equals(),16,2928
String.equals(),16,2855
String.equals(),16,2928
String.equals(),16,3025
String.equals(),16,2909
String.equals(),16,2835
String.equals(),16,2889
String.equals(),16,2916
String.equals(),16,2866
String.equals(),16,2984
String.equals(),16,2986
String.equals(),16,2945
String.equals(),16,2958
String.equals(),16,2835
String.equals(),16,2952
String.equals(),16,2898
String.equals(),16,2839
String.equals(),16,2923
String.equals(),16,2845
String.equals(),16,3000
String.equals(),16,2878
String.equals(),16,2918
String.equals(),16,2814
String.equals(),16,2824
String.equals(),16,2826
String.equals(),16,2903
String.equals(),16,2871
String.equals(),16,2919
String.equals(),16,2998
String.equals(),16,2980
String.equals(),16,2919
String.equals(),16,2887
String.equals(),16,2904
String.equals(),16,2850
String.equals(),16,2945
String.equals(),16,2960
String.equals(),16,2990
String.equals(),16,2938
String.equals(),16,2861
String.equals(),16,2948
String.equals(),16,2904
String.equals(),16,2877
String.equals(),16,2973
String.equals(),16,2894
String.equals(),16,2782
String.equals(),16,2769
String.equals(),16,2955
String.equals(),16,2945
String.equals(),17,3103
String.equals(),17,3011
String.equals(),17,3015
String.equals(),17,3119
String.equals(),17,2915
String.equals(),17,3079
String.equals(),17,3051
String.equals(),17,3107
String.equals(),17,3025
String.equals(),17,3040
String.equals(),17,2997
String.equals(),17,3074
String.equals(),17,3104
String.equals(),17,2997
String.equals(),17,3102
String.equals(),17,3075
String.equals(),17,3089
String.equals(),17,3051
String.equals(),17,3105
String.equals(),17,3087
String.equals(),17,2984
String.equals(),17,3005
String.equals(),17,3010
String.equals(),17,3018
String.equals(),17,3067
String.equals(),17,3042
String.equals(),17,3086
String.equals(),17,3008
String.equals(),17,3074
String.equals(),17,3045
String.equals(),17,3119
String.equals(),17,3081
String.equals(),17,3091
String.equals(),17,3026
String.equals(),17,3042
String.equals(),17,3090
String.equals(),17,3069
String.equals(),17,3027
String.equals(),17,3039
String.equals(),17,3100
String.equals(),17,3090
String.equals(),17,3078
String.equals(),17,3057
String.equals(),17,2966
String.equals(),17,3110
String.equals(),17,3109
String.equals(),17,3117
String.equals(),17,2961
String.equals(),17,3118
String.equals(),17,3042
String.equals(),17,3079
String.equals(),17,3118
String.equals(),17,3088
String.equals(),17,3000
String.equals(),17,3091
String.equals(),17,3064
String.equals(),17,3019
String.equals(),17,3065
String.equals(),17,2984
String.equals(),17,3104
String.equals(),17,3030
String.equals(),17,3101
String.equals(),17,3014
String.equals(),17,3122
String.equals(),17,3103
String.equals(),17,3088
String.equals(),17,2933
String.equals(),17,3087
String.equals(),17,3020
String.equals(),17,2947
String.equals(),17,3069
String.equals(),17,3131
String.equals(),17,2957
String.equals(),17,3047
String.equals(),17,3109
String.equals(),17,3018
String.equals(),17,3067
String.equals(),17,3147
String.equals(),17,3054
String.equals(),17,3053
String.equals(),17,3067
String.equals(),17,3036
String.equals(),17,3165
String.equals(),17,3145
String.equals(),17,3112
String.equals(),17,3020
String.equals(),17,3048
String.equals(),17,3002
String.equals(),17,3099
String.equals(),17,3099
String.equals(),17,3104
String.equals(),17,3066
String.equals(),17,3008
String.equals(),17,3066
String.equals(),17,3135
String.equals(),17,3077
String.equals(),17,3046
String.equals(),17,3091
String.equals(),17,3077
String.equals(),17,3065
String.equals(),18,3154
String.equals(),18,3180
String.equals(),18,3137
String.equals(),18,3234
String.equals(),18,3161
String.equals(),18,3122
String.equals(),18,3236
String.equals(),18,3298
String.equals(),18,3179
String.equals(),18,3230
String.equals(),18,3095
String.equals(),18,3251
String.equals(),18,3186
String.equals(),18,3242
String.equals(),18,3098
String.equals(),18,3168
String.equals(),18,3124
String.equals(),18,3259
String.equals(),18,3170
String.equals(),18,3173
String.equals(),18,3182
String.equals(),18,3205
String.equals(),18,3153
String.equals(),18,3185
String.equals(),18,3174
String.equals(),18,3223
String.equals(),18,3251
String.equals(),18,3309
String.equals(),18,3161
String.equals(),18,3184
String.equals(),18,3256
String.equals(),18,3270
String.equals(),18,3140
String.equals(),18,3239
String.equals(),18,3181
String.equals(),18,3205
String.equals(),18,3155
String.equals(),18,3204
String.equals(),18,3143
String.equals(),18,3221
String.equals(),18,3313
String.equals(),18,3145
String.equals(),18,3147
String.equals(),18,3191
String.equals(),18,3151
String.equals(),18,3205
String.equals(),18,3219
String.equals(),18,3183
String.equals(),18,3159
String.equals(),18,3146
String.equals(),18,3208
String.equals(),18,3211
String.equals(),18,3320
String.equals(),18,3200
String.equals(),18,3111
String.equals(),18,3178
String.equals(),18,3165
String.equals(),18,3254
String.equals(),18,3215
String.equals(),18,3198
String.equals(),18,3186
String.equals(),18,3135
String.equals(),18,3222
String.equals(),18,3168
String.equals(),18,3216
String.equals(),18,3122
String.equals(),18,3209
String.equals(),18,3163
String.equals(),18,3188
String.equals(),18,3197
String.equals(),18,3138
String.equals(),18,3191
String.equals(),18,3209
String.equals(),18,3182
String.equals(),18,3216
String.equals(),18,3207
String.equals(),18,3208
String.equals(),18,3210
String.equals(),18,3214
String.equals(),18,3189
String.equals(),18,3195
String.equals(),18,3260
String.equals(),18,3242
String.equals(),18,3215
String.equals(),18,3192
String.equals(),18,3184
String.equals(),18,3154
String.equals(),18,3192
String.equals(),18,3314
String.equals(),18,3189
String.equals(),18,3202
String.equals(),18,3128
String.equals(),18,3189
String.equals(),18,3155
String.equals(),18,3136
String.equals(),18,3213
String.equals(),18,3190
String.equals(),18,3169
String.equals(),18,3230
String.equals(),18,3108
String.equals(),19,3312
String.equals(),19,3412
String.equals(),19,3325
String.equals(),19,3343
String.equals(),19,3431
String.equals(),19,3401
String.equals(),19,3323
String.equals(),19,3367
String.equals(),19,3305
String.equals(),19,3268
String.equals(),19,3324
String.equals(),19,3328
String.equals(),19,3402
String.equals(),19,3424
String.equals(),19,3220
String.equals(),19,3370
String.equals(),19,3365
String.equals(),19,3355
String.equals(),19,3382
String.equals(),19,3394
String.equals(),19,3305
String.equals(),19,3264
String.equals(),19,3429
String.equals(),19,3336
String.equals(),19,3317
String.equals(),19,3322
String.equals(),19,3458
String.equals(),19,3321
String.equals(),19,3379
String.equals(),19,3311
String.equals(),19,3309
String.equals(),19,3309
String.equals(),19,3376
String.equals(),19,3373
String.equals(),19,3308
String.equals(),19,3306
String.equals(),19,3294
String.equals(),19,3362
String.equals(),19,3316
String.equals(),19,3365
String.equals(),19,3382
String.equals(),19,3360
String.equals(),19,3349
String.equals(),19,3317
String.equals(),19,3257
String.equals(),19,3386
String.equals(),19,3355
String.equals(),19,3455
String.equals(),19,3420
String.equals(),19,3365
String.equals(),19,3323
String.equals(),19,3303
String.equals(),19,3405
String.equals(),19,3323
String.equals(),19,3254
String.equals(),19,3308
String.equals(),19,3377
String.equals(),19,3386
String.equals(),19,3326
String.equals(),19,3457
String.equals(),19,3303
String.equals(),19,3343
String.equals(),19,3374
String.equals(),19,3309
String.equals(),19,3399
String.equals(),19,3339
String.equals(),19,3280
String.equals(),19,3321
String.equals(),19,3301
String.equals(),19,3247
String.equals(),19,3281
String.equals(),19,3305
String.equals(),19,3309
String.equals(),19,3357
String.equals(),19,3291
String.equals(),19,3382
String.equals(),19,3404
String.equals(),19,3335
String.equals(),19,3408
String.equals(),19,3291
String.equals(),19,3328
String.equals(),19,3354
String.equals(),19,3397
String.equals(),19,3336
String.equals(),19,3406
String.equals(),19,3349
String.equals(),19,3307
String.equals(),19,3409
String.equals(),19,3261
String.equals(),19,3472
String.equals(),19,3387
String.equals(),19,3289
String.equals(),19,3383
String.equals(),19,3346
String.equals(),19,3381
String.equals(),19,3279
String.equals(),19,3337
String.equals(),19,3274
String.equals(),19,3303
String.equals(),19,3320
String.equals(),20,3522
String.equals(),20,3563
String.equals(),20,3449
String.equals(),20,3450
String.equals(),20,3449
String.equals(),20,3513
String.equals(),20,3571
String.equals(),20,3538
String.equals(),20,3438
String.equals(),20,3392
String.equals(),20,3533
String.equals(),20,3492
String.equals(),20,3493
String.equals(),20,3494
String.equals(),20,3446
String.equals(),20,3506
String.equals(),20,3445
String.equals(),20,3539
String.equals(),20,3425
String.equals(),20,3461
String.equals(),20,3449
String.equals(),20,3459
String.equals(),20,3471
String.equals(),20,3372
String.equals(),20,3499
String.equals(),20,3529
String.equals(),20,3505
String.equals(),20,3420
String.equals(),20,3489
String.equals(),20,3521
String.equals(),20,3502
String.equals(),20,3517
String.equals(),20,3431
String.equals(),20,3540
String.equals(),20,3486
String.equals(),20,3469
String.equals(),20,3512
String.equals(),20,3492
String.equals(),20,3469
String.equals(),20,3553
String.equals(),20,3549
String.equals(),20,3556
String.equals(),20,3426
String.equals(),20,3410
String.equals(),20,3504
String.equals(),20,3430
String.equals(),20,3522
String.equals(),20,3458
String.equals(),20,3361
String.equals(),20,3490
String.equals(),20,3500
String.equals(),20,3501
String.equals(),20,3510
String.equals(),20,3492
String.equals(),20,3445
String.equals(),20,3484
String.equals(),20,3543
String.equals(),20,3539
String.equals(),20,3498
String.equals(),20,3464
String.equals(),20,3526
String.equals(),20,3491
String.equals(),20,3479
String.equals(),20,3537
String.equals(),20,3591
String.equals(),20,3477
String.equals(),20,3463
String.equals(),20,3529
String.equals(),20,3534
String.equals(),20,3476
String.equals(),20,3585
String.equals(),20,3430
String.equals(),20,3524
String.equals(),20,3522
String.equals(),20,3505
String.equals(),20,3494
String.equals(),20,3461
String.equals(),20,3493
String.equals(),20,3552
String.equals(),20,3500
String.equals(),20,3526
String.equals(),20,3565
String.equals(),20,3513
String.equals(),20,3565
String.equals(),20,3538
String.equals(),20,3441
String.equals(),20,3434
String.equals(),20,3532
String.equals(),20,3504
String.equals(),20,3444
String.equals(),20,3558
String.equals(),20,3483
String.equals(),20,3583
String.equals(),20,3430
String.equals(),20,3549
String.equals(),20,3532
String.equals(),20,3494
String.equals(),20,3558
String.equals(),20,3579
String.equals(),20,3571
String.equals(),21,3703
String.equals(),21,3658
String.equals(),21,3650
String.equals(),21,3716
String.equals(),21,3574
String.equals(),21,3646
String.equals(),21,3711
String.equals(),21,3696
String.equals(),21,3748
String.equals(),21,3618
String.equals(),21,3609
String.equals(),21,3702
String.equals(),21,3651
String.equals(),21,3693
String.equals(),21,3559
String.equals(),21,3652
String.equals(),21,3630
String.equals(),21,3589
String.equals(),21,3662
String.equals(),21,3679
String.equals(),21,3604
String.equals(),21,3594
String.equals(),21,3623
String.equals(),21,3618
String.equals(),21,3768
String.equals(),21,3640
String.equals(),21,3704
String.equals(),21,3580
String.equals(),21,3624
String.equals(),21,3631
String.equals(),21,3687
String.equals(),21,3587
String.equals(),21,3627
String.equals(),21,3611
String.equals(),21,3698
String.equals(),21,3692
String.equals(),21,3559
String.equals(),21,3640
String.equals(),21,3741
String.equals(),21,3507
String.equals(),21,3700
String.equals(),21,3647
String.equals(),21,3676
String.equals(),21,3625
String.equals(),21,3605
String.equals(),21,3662
String.equals(),21,3723
String.equals(),21,3650
String.equals(),21,3645
String.equals(),21,3618
String.equals(),21,3549
String.equals(),21,3670
String.equals(),21,3613
String.equals(),21,3620
String.equals(),21,3675
String.equals(),21,3695
String.equals(),21,3539
String.equals(),21,3631
String.equals(),21,3691
String.equals(),21,3639
String.equals(),21,3657
String.equals(),21,3660
String.equals(),21,3721
String.equals(),21,3689
String.equals(),21,3670
String.equals(),21,3706
String.equals(),21,3656
String.equals(),21,3611
String.equals(),21,3576
String.equals(),21,3642
String.equals(),21,3555
String.equals(),21,3643
String.equals(),21,3678
String.equals(),21,3602
String.equals(),21,3663
String.equals(),21,3598
String.equals(),21,3675
String.equals(),21,3698
String.equals(),21,3670
String.equals(),21,3627
String.equals(),21,3540
String.equals(),21,3716
String.equals(),21,3626
String.equals(),21,3675
String.equals(),21,3620
String.equals(),21,3690
String.equals(),21,3678
String.equals(),21,3695
String.equals(),21,3606
String.equals(),21,3657
String.equals(),21,3607
String.equals(),21,3585
String.equals(),21,3627
String.equals(),21,3607
String.equals(),21,3680
String.equals(),21,3644
String.equals(),21,3680
String.equals(),21,3700
String.equals(),21,3616
String.equals(),21,3718
String.equals(),22,3775
String.equals(),22,3779
String.equals(),22,3801
String.equals(),22,3781
String.equals(),22,3835
String.equals(),22,3723
String.equals(),22,3882
String.equals(),22,3829
String.equals(),22,3751
String.equals(),22,3734
String.equals(),22,3791
String.equals(),22,3760
String.equals(),22,3708
String.equals(),22,3790
String.equals(),22,3789
String.equals(),22,3908
String.equals(),22,3763
String.equals(),22,3758
String.equals(),22,3798
String.equals(),22,3831
String.equals(),22,3860
String.equals(),22,3773
String.equals(),22,3806
String.equals(),22,3821
String.equals(),22,3779
String.equals(),22,3752
String.equals(),22,3872
String.equals(),22,3725
String.equals(),22,3824
String.equals(),22,3848
String.equals(),22,3869
String.equals(),22,3732
String.equals(),22,3891
String.equals(),22,3864
String.equals(),22,3816
String.equals(),22,3802
String.equals(),22,3880
String.equals(),22,3785
String.equals(),22,3823
String.equals(),22,3684
String.equals(),22,3872
String.equals(),22,3770
String.equals(),22,3828
String.equals(),22,3770
String.equals(),22,3766
String.equals(),22,3819
String.equals(),22,3793
String.equals(),22,3742
String.equals(),22,3757
String.equals(),22,3768
String.equals(),22,3826
String.equals(),22,3877
String.equals(),22,3834
String.equals(),22,3817
String.equals(),22,3759
String.equals(),22,3717
String.equals(),22,3846
String.equals(),22,3820
String.equals(),22,3728
String.equals(),22,3735
String.equals(),22,3778
String.equals(),22,3827
String.equals(),22,3795
String.equals(),22,3784
String.equals(),22,3795
String.equals(),22,3812
String.equals(),22,3929
String.equals(),22,3832
String.equals(),22,3785
String.equals(),22,3741
String.equals(),22,3777
String.equals(),22,3839
String.equals(),22,3773
String.equals(),22,3843
String.equals(),22,3827
String.equals(),22,3688
String.equals(),22,3768
String.equals(),22,3824
String.equals(),22,3782
String.equals(),22,3824
String.equals(),22,3774
String.equals(),22,3856
String.equals(),22,3864
String.equals(),22,3801
String.equals(),22,3839
String.equals(),22,3707
String.equals(),22,3747
String.equals(),22,3819
String.equals(),22,3677
String.equals(),22,3777
String.equals(),22,3911
String.equals(),22,3768
String.equals(),22,3785
String.equals(),22,3746
String.equals(),22,3787
String.equals(),22,3904
String.equals(),22,3695
String.equals(),22,3747
String.equals(),22,3776
String.equals(),22,3698
String.equals(),23,3940
String.equals(),23,3915
String.equals(),23,3927
String.equals(),23,3928
String.equals(),23,3934
String.equals(),23,3948
String.equals(),23,3940
String.equals(),23,3906
String.equals(),23,4005
String.equals(),23,4025
String.equals(),23,3891
String.equals(),23,3960
String.equals(),23,4007
String.equals(),23,4082
String.equals(),23,4019
String.equals(),23,4008
String.equals(),23,3926
String.equals(),23,4017
String.equals(),23,3927
String.equals(),23,3983
String.equals(),23,3921
String.equals(),23,3991
String.equals(),23,3976
String.equals(),23,3948
String.equals(),23,3931
String.equals(),23,3964
String.equals(),23,4029
String.equals(),23,3970
String.equals(),23,3935
String.equals(),23,3910
String.equals(),23,3900
String.equals(),23,3914
String.equals(),23,3962
String.equals(),23,3991
String.equals(),23,3872
String.equals(),23,3986
String.equals(),23,3970
String.equals(),23,3968
String.equals(),23,3917
String.equals(),23,3910
String.equals(),23,4010
String.equals(),23,4064
String.equals(),23,3924
String.equals(),23,3948
String.equals(),23,3909
String.equals(),23,3936
String.equals(),23,3952
String.equals(),23,3957
String.equals(),23,3862
String.equals(),23,4050
String.equals(),23,3965
String.equals(),23,3917
String.equals(),23,3953
String.equals(),23,3931
String.equals(),23,3942
String.equals(),23,4001
String.equals(),23,3939
String.equals(),23,3893
String.equals(),23,3885
String.equals(),23,3902
String.equals(),23,3976
String.equals(),23,3997
String.equals(),23,3836
String.equals(),23,3911
String.equals(),23,3993
String.equals(),23,3972
String.equals(),23,3960
String.equals(),23,3932
String.equals(),23,3944
String.equals(),23,3873
String.equals(),23,4039
String.equals(),23,3951
String.equals(),23,4022
String.equals(),23,4059
String.equals(),23,3920
String.equals(),23,4034
String.equals(),23,4017
String.equals(),23,3967
String.equals(),23,3962
String.equals(),23,3848
String.equals(),23,4060
String.equals(),23,3869
String.equals(),23,3908
String.equals(),23,3971
String.equals(),23,3840
String.equals(),23,3939
String.equals(),23,3993
String.equals(),23,3931
String.equals(),23,3981
String.equals(),23,3984
String.equals(),23,3901
String.equals(),23,3953
String.equals(),23,4017
String.equals(),23,3885
String.equals(),23,3962
String.equals(),23,4039
String.equals(),23,4016
String.equals(),23,3918
String.equals(),23,3946
String.equals(),23,3970
String.equals(),24,4064
String.equals(),24,4128
String.equals(),24,4129
String.equals(),24,4170
String.equals(),24,4189
String.equals(),24,4074
String.equals(),24,4094
String.equals(),24,4074
String.equals(),24,4057
String.equals(),24,4034
String.equals(),24,4121
String.equals(),24,4043
String.equals(),24,4098
String.equals(),24,4128
String.equals(),24,4064
String.equals(),24,4104
String.equals(),24,4140
String.equals(),24,4138
String.equals(),24,4117
String.equals(),24,4062
String.equals(),24,4123
String.equals(),24,4126
String.equals(),24,4059
String.equals(),24,4119
String.equals(),24,4152
String.equals(),24,4027
String.equals(),24,4027
String.equals(),24,4111
String.equals(),24,4091
String.equals(),24,4066
String.equals(),24,4108
String.equals(),24,4099
String.equals(),24,4103
String.equals(),24,4020
String.equals(),24,4020
String.equals(),24,4007
String.equals(),24,4073
String.equals(),24,4034
String.equals(),24,4126
String.equals(),24,4105
String.equals(),24,4117
String.equals(),24,4088
String.equals(),24,4121
String.equals(),24,4124
String.equals(),24,4051
String.equals(),24,4112
String.equals(),24,4140
String.equals(),24,4120
String.equals(),24,4093
String.equals(),24,4042
String.equals(),24,4113
String.equals(),24,4102
String.equals(),24,4087
String.equals(),24,4034
String.equals(),24,4133
String.equals(),24,4087
String.equals(),24,4133
String.equals(),24,3964
String.equals(),24,4153
String.equals(),24,4091
String.equals(),24,4037
String.equals(),24,4093
String.equals(),24,4058
String.equals(),24,4087
String.equals(),24,4153
String.equals(),24,4111
String.equals(),24,4118
String.equals(),24,4142
String.equals(),24,4114
String.equals(),24,4105
String.equals(),24,4056
String.equals(),24,4116
String.equals(),24,4055
String.equals(),24,4109
String.equals(),24,4112
String.equals(),24,4135
String.equals(),24,3947
String.equals(),24,4105
String.equals(),24,4088
String.equals(),24,4146
String.equals(),24,4179
String.equals(),24,4213
String.equals(),24,4138
String.equals(),24,4143
String.equals(),24,4155
String.equals(),24,4102
String.equals(),24,4085
String.equals(),24,4093
String.equals(),24,4116
String.equals(),24,4138
String.equals(),24,4133
String.equals(),24,4058
String.equals(),24,4075
String.equals(),24,4092
String.equals(),24,4006
String.equals(),24,4117
String.equals(),24,4205
String.equals(),24,4056
String.equals(),24,4084
String.equals(),24,4045
String.equals(),25,4141
String.equals(),25,4192
String.equals(),25,4242
String.equals(),25,4219
String.equals(),25,4153
String.equals(),25,4285
String.equals(),25,4225
String.equals(),25,4241
String.equals(),25,4224
String.equals(),25,4145
String.equals(),25,4325
String.equals(),25,4157
String.equals(),25,4239
String.equals(),25,4288
String.equals(),25,4291
String.equals(),25,4252
String.equals(),25,4236
String.equals(),25,4190
String.equals(),25,4306
String.equals(),25,4268
String.equals(),25,4160
String.equals(),25,4223
String.equals(),25,4178
String.equals(),25,4174
String.equals(),25,4312
String.equals(),25,4232
String.equals(),25,4356
String.equals(),25,4238
String.equals(),25,4319
String.equals(),25,4282
String.equals(),25,4238
String.equals(),25,4307
String.equals(),25,4232
String.equals(),25,4207
String.equals(),25,4278
String.equals(),25,4296
String.equals(),25,4271
String.equals(),25,4256
String.equals(),25,4166
String.equals(),25,4240
String.equals(),25,4223
String.equals(),25,4243
String.equals(),25,4271
String.equals(),25,4202
String.equals(),25,4306
String.equals(),25,4171
String.equals(),25,4157
String.equals(),25,4265
String.equals(),25,4256
String.equals(),25,4234
String.equals(),25,4201
String.equals(),25,4219
String.equals(),25,4230
String.equals(),25,4275
String.equals(),25,4215
String.equals(),25,4279
String.equals(),25,4341
String.equals(),25,4247
String.equals(),25,4280
String.equals(),25,4232
String.equals(),25,4145
String.equals(),25,4271
String.equals(),25,4298
String.equals(),25,4305
String.equals(),25,4240
String.equals(),25,4299
String.equals(),25,4209
String.equals(),25,4305
String.equals(),25,4212
String.equals(),25,4257
String.equals(),25,4227
String.equals(),25,4315
String.equals(),25,4244
String.equals(),25,4299
String.equals(),25,4208
String.equals(),25,4197
String.equals(),25,4298
String.equals(),25,4275
String.equals(),25,4184
String.equals(),25,4233
String.equals(),25,4129
String.equals(),25,4219
String.equals(),25,4283
String.equals(),25,4234
String.equals(),25,4147
String.equals(),25,4247
String.equals(),25,4209
String.equals(),25,4173
String.equals(),25,4252
String.equals(),25,4193
String.equals(),25,4228
String.equals(),25,4254
String.equals(),25,4240
String.equals(),25,4231
String.equals(),25,4359
String.equals(),25,4200
String.equals(),25,4232
String.equals(),25,4272
String.equals(),25,4198
String.equals(),25,4201
String.equals(),26,4418
String.equals(),26,4410
String.equals(),26,4312
String.equals(),26,4456
String.equals(),26,4417
String.equals(),26,4427
String.equals(),26,4376
String.equals(),26,4339
String.equals(),26,4414
String.equals(),26,4319
String.equals(),26,4436
String.equals(),26,4365
String.equals(),26,4326
String.equals(),26,4386
String.equals(),26,4516
String.equals(),26,4443
String.equals(),26,4450
String.equals(),26,4378
String.equals(),26,4381
String.equals(),26,4416
String.equals(),26,4363
String.equals(),26,4402
String.equals(),26,4456
String.equals(),26,4426
String.equals(),26,4369
String.equals(),26,4418
String.equals(),26,4444
String.equals(),26,4435
String.equals(),26,4386
String.equals(),26,4546
String.equals(),26,4359
String.equals(),26,4323
String.equals(),26,4352
String.equals(),26,4426
String.equals(),26,4368
String.equals(),26,4394
String.equals(),26,4390
String.equals(),26,4414
String.equals(),26,4325
String.equals(),26,4390
String.equals(),26,4363
String.equals(),26,4424
String.equals(),26,4349
String.equals(),26,4363
String.equals(),26,4392
String.equals(),26,4367
String.equals(),26,4341
String.equals(),26,4357
String.equals(),26,4372
String.equals(),26,4427
String.equals(),26,4439
String.equals(),26,4394
String.equals(),26,4376
String.equals(),26,4458
String.equals(),26,4470
String.equals(),26,4370
String.equals(),26,4350
String.equals(),26,4350
String.equals(),26,4387
String.equals(),26,4474
String.equals(),26,4333
String.equals(),26,4433
String.equals(),26,4346
String.equals(),26,4414
String.equals(),26,4455
String.equals(),26,4380
String.equals(),26,4444
String.equals(),26,4409
String.equals(),26,4345
String.equals(),26,4408
String.equals(),26,4433
String.equals(),26,4349
String.equals(),26,4423
String.equals(),26,4410
String.equals(),26,4429
String.equals(),26,4456
String.equals(),26,4493
String.equals(),26,4430
String.equals(),26,4335
String.equals(),26,4420
String.equals(),26,4396
String.equals(),26,4406
String.equals(),26,4408
String.equals(),26,4396
String.equals(),26,4401
String.equals(),26,4370
String.equals(),26,4461
String.equals(),26,4377
String.equals(),26,4364
String.equals(),26,4406
String.equals(),26,4484
String.equals(),26,4408
String.equals(),26,4437
String.equals(),26,4461
String.equals(),26,4396
String.equals(),26,4337
String.equals(),26,4342
String.equals(),26,4484
String.equals(),26,4407
String.equals(),26,4371
String.equals(),27,4609
String.equals(),27,4500
String.equals(),27,4508
String.equals(),27,4514
String.equals(),27,4557
String.equals(),27,4475
String.equals(),27,4557
String.equals(),27,4501
String.equals(),27,4561
String.equals(),27,4486
String.equals(),27,4583
String.equals(),27,4517
String.equals(),27,4503
String.equals(),27,4584
String.equals(),27,4555
String.equals(),27,4522
String.equals(),27,4577
String.equals(),27,4626
String.equals(),27,4573
String.equals(),27,4665
String.equals(),27,4548
String.equals(),27,4578
String.equals(),27,4528
String.equals(),27,4555
String.equals(),27,4663
String.equals(),27,4539
String.equals(),27,4560
String.equals(),27,4513
String.equals(),27,4644
String.equals(),27,4567
String.equals(),27,4423
String.equals(),27,4576
String.equals(),27,4575
String.equals(),27,4555
String.equals(),27,4595
String.equals(),27,4481
String.equals(),27,4547
String.equals(),27,4558
String.equals(),27,4510
String.equals(),27,4562
String.equals(),27,4497
String.equals(),27,4512
String.equals(),27,4528
String.equals(),27,4545
String.equals(),27,4505
String.equals(),27,4514
String.equals(),27,4499
String.equals(),27,4609
String.equals(),27,4525
String.equals(),27,4594
String.equals(),27,4507
String.equals(),27,4647
String.equals(),27,4451
String.equals(),27,4493
String.equals(),27,4666
String.equals(),27,4568
String.equals(),27,4625
String.equals(),27,4462
String.equals(),27,4605
String.equals(),27,4458
String.equals(),27,4704
String.equals(),27,4552
String.equals(),27,4577
String.equals(),27,4662
String.equals(),27,4549
String.equals(),27,4480
String.equals(),27,4490
String.equals(),27,4534
String.equals(),27,4572
String.equals(),27,4509
String.equals(),27,4545
String.equals(),27,4524
String.equals(),27,4609
String.equals(),27,4475
String.equals(),27,4549
String.equals(),27,4594
String.equals(),27,4555
String.equals(),27,4498
String.equals(),27,4576
String.equals(),27,4538
String.equals(),27,4568
String.equals(),27,4501
String.equals(),27,4569
String.equals(),27,4513
String.equals(),27,4608
String.equals(),27,4580
String.equals(),27,4524
String.equals(),27,4586
String.equals(),27,4586
String.equals(),27,4497
String.equals(),27,4470
String.equals(),27,4519
String.equals(),27,4582
String.equals(),27,4633
String.equals(),27,4513
String.equals(),27,4512
String.equals(),27,4457
String.equals(),27,4624
String.equals(),27,4524
String.equals(),27,4559
String.equals(),28,4671
String.equals(),28,4666
String.equals(),28,4696
String.equals(),28,4647
String.equals(),28,4710
String.equals(),28,4616
String.equals(),28,4744
String.equals(),28,4643
String.equals(),28,4704
String.equals(),28,4722
String.equals(),28,4748
String.equals(),28,4653
String.equals(),28,4683
String.equals(),28,4689
String.equals(),28,4604
String.equals(),28,4640
String.equals(),28,4684
String.equals(),28,4678
String.equals(),28,4751
String.equals(),28,4675
String.equals(),28,4762
String.equals(),28,4684
String.equals(),28,4634
String.equals(),28,4783
String.equals(),28,4709
String.equals(),28,4683
String.equals(),28,4731
String.equals(),28,4736
String.equals(),28,4742
String.equals(),28,4658
String.equals(),28,4719
String.equals(),28,4713
String.equals(),28,4635
String.equals(),28,4734
String.equals(),28,4712
String.equals(),28,4712
String.equals(),28,4624
String.equals(),28,4659
String.equals(),28,4622
String.equals(),28,4736
String.equals(),28,4641
String.equals(),28,4785
String.equals(),28,4626
String.equals(),28,4645
String.equals(),28,4719
String.equals(),28,4728
String.equals(),28,4736
String.equals(),28,4711
String.equals(),28,4589
String.equals(),28,4764
String.equals(),28,4710
String.equals(),28,4729
String.equals(),28,4652
String.equals(),28,4678
String.equals(),28,4681
String.equals(),28,4765
String.equals(),28,4628
String.equals(),28,4701
String.equals(),28,4591
String.equals(),28,4615
String.equals(),28,4681
String.equals(),28,4698
String.equals(),28,4719
String.equals(),28,4596
String.equals(),28,4756
String.equals(),28,4726
String.equals(),28,4701
String.equals(),28,4779
String.equals(),28,4690
String.equals(),28,4686
String.equals(),28,4690
String.equals(),28,4737
String.equals(),28,4692
String.equals(),28,4687
String.equals(),28,4770
String.equals(),28,4720
String.equals(),28,4806
String.equals(),28,4702
String.equals(),28,4693
String.equals(),28,4646
String.equals(),28,4760
String.equals(),28,4675
String.equals(),28,4768
String.equals(),28,4708
String.equals(),28,4689
String.equals(),28,4713
String.equals(),28,4811
String.equals(),28,4668
String.equals(),28,4702
String.equals(),28,4695
String.equals(),28,4648
String.equals(),28,4618
String.equals(),28,4692
String.equals(),28,4657
String.equals(),28,4731
String.equals(),28,4670
String.equals(),28,4746
String.equals(),28,4722
String.equals(),28,4710
String.equals(),28,4604
String.equals(),29,4825
String.equals(),29,4859
String.equals(),29,4909
String.equals(),29,4873
String.equals(),29,4868
String.equals(),29,4816
String.equals(),29,4755
String.equals(),29,4880
String.equals(),29,4840
String.equals(),29,4805
String.equals(),29,4907
String.equals(),29,4795
String.equals(),29,4901
String.equals(),29,4883
String.equals(),29,4867
String.equals(),29,4831
String.equals(),29,4967
String.equals(),29,4807
String.equals(),29,4828
String.equals(),29,4938
String.equals(),29,4876
String.equals(),29,4842
String.equals(),29,4775
String.equals(),29,4789
String.equals(),29,4798
String.equals(),29,4836
String.equals(),29,4776
String.equals(),29,4896
String.equals(),29,4863
String.equals(),29,4870
String.equals(),29,4847
String.equals(),29,4829
String.equals(),29,4863
String.equals(),29,4799
String.equals(),29,4875
String.equals(),29,4815
String.equals(),29,4813
String.equals(),29,4875
String.equals(),29,4898
String.equals(),29,4953
String.equals(),29,4888
String.equals(),29,4878
String.equals(),29,4851
String.equals(),29,4903
String.equals(),29,4802
String.equals(),29,4818
String.equals(),29,4844
String.equals(),29,4847
String.equals(),29,4870
String.equals(),29,4735
String.equals(),29,4787
String.equals(),29,4814
String.equals(),29,4868
String.equals(),29,4784
String.equals(),29,4781
String.equals(),29,4762
String.equals(),29,4859
String.equals(),29,4861
String.equals(),29,4824
String.equals(),29,4865
String.equals(),29,4835
String.equals(),29,4958
String.equals(),29,4850
String.equals(),29,4873
String.equals(),29,4809
String.equals(),29,4911
String.equals(),29,4889
String.equals(),29,4741
String.equals(),29,4813
String.equals(),29,4812
String.equals(),29,4829
String.equals(),29,4844
String.equals(),29,4904
String.equals(),29,4888
String.equals(),29,4782
String.equals(),29,4837
String.equals(),29,4838
String.equals(),29,4859
String.equals(),29,4920
String.equals(),29,4741
String.equals(),29,4890
String.equals(),29,4832
String.equals(),29,4783
String.equals(),29,4809
String.equals(),29,4925
String.equals(),29,4850
String.equals(),29,4872
String.equals(),29,4833
String.equals(),29,4854
String.equals(),29,4857
String.equals(),29,4929
String.equals(),29,4808
String.equals(),29,4830
String.equals(),29,4826
String.equals(),29,4798
String.equals(),29,4853
String.equals(),29,4890
String.equals(),29,4861
String.equals(),29,4805
String.equals(),29,4794
String.equals(),30,5015
String.equals(),30,5032
String.equals(),30,5028
String.equals(),30,5051
String.equals(),30,4953
String.equals(),30,5003
String.equals(),30,5058
String.equals(),30,5008
String.equals(),30,4987
String.equals(),30,4933
String.equals(),30,5031
String.equals(),30,4947
String.equals(),30,4858
String.equals(),30,5125
String.equals(),30,4945
String.equals(),30,4966
String.equals(),30,5062
String.equals(),30,5103
String.equals(),30,4996
String.equals(),30,4912
String.equals(),30,4975
String.equals(),30,5013
String.equals(),30,5076
String.equals(),30,5040
String.equals(),30,4910
String.equals(),30,4945
String.equals(),30,5049
String.equals(),30,4979
String.equals(),30,4884
String.equals(),30,4979
String.equals(),30,4985
String.equals(),30,5027
String.equals(),30,5017
String.equals(),30,4982
String.equals(),30,5008
String.equals(),30,5032
String.equals(),30,5078
String.equals(),30,5033
String.equals(),30,4973
String.equals(),30,4946
String.equals(),30,4994
String.equals(),30,5028
String.equals(),30,5012
String.equals(),30,4940
String.equals(),30,5006
String.equals(),30,4908
String.equals(),30,4959
String.equals(),30,4927
String.equals(),30,5083
String.equals(),30,5023
String.equals(),30,4989
String.equals(),30,5038
String.equals(),30,5018
String.equals(),30,4986
String.equals(),30,4968
String.equals(),30,4983
String.equals(),30,5079
String.equals(),30,4989
String.equals(),30,4915
String.equals(),30,5042
String.equals(),30,5027
String.equals(),30,5001
String.equals(),30,5042
String.equals(),30,5041
String.equals(),30,4972
String.equals(),30,5089
String.equals(),30,4899
String.equals(),30,5002
String.equals(),30,4915
String.equals(),30,5026
String.equals(),30,4921
String.equals(),30,5060
String.equals(),30,4974
String.equals(),30,4987
String.equals(),30,5006
String.equals(),30,5069
String.equals(),30,5080
String.equals(),30,5007
String.equals(),30,5015
String.equals(),30,4930
String.equals(),30,4956
String.equals(),30,5095
String.equals(),30,5072
String.equals(),30,4999
String.equals(),30,5038
String.equals(),30,5042
String.equals(),30,4922
String.equals(),30,5009
String.equals(),30,4948
String.equals(),30,5117
String.equals(),30,4919
String.equals(),30,5011
String.equals(),30,5033
String.equals(),30,5071
String.equals(),30,4934
String.equals(),30,4981
String.equals(),30,4902
String.equals(),30,4898
String.equals(),30,5002
String.equals(),30,4961
String.equals(),31,5090
String.equals(),31,5142
String.equals(),31,5089
String.equals(),31,5111
String.equals(),31,5120
String.equals(),31,5156
String.equals(),31,5132
String.equals(),31,5155
String.equals(),31,5202
String.equals(),31,5193
String.equals(),31,5198
String.equals(),31,5124
String.equals(),31,5084
String.equals(),31,5162
String.equals(),31,5158
String.equals(),31,5120
String.equals(),31,5131
String.equals(),31,5176
String.equals(),31,5178
String.equals(),31,5172
String.equals(),31,5146
String.equals(),31,5056
String.equals(),31,5157
String.equals(),31,5148
String.equals(),31,5201
String.equals(),31,5160
String.equals(),31,5088
String.equals(),31,5043
String.equals(),31,5119
String.equals(),31,5096
String.equals(),31,5162
String.equals(),31,5193
String.equals(),31,5159
String.equals(),31,5137
String.equals(),31,5120
String.equals(),31,5093
String.equals(),31,5132
String.equals(),31,5104
String.equals(),31,5211
String.equals(),31,5172
String.equals(),31,5179
String.equals(),31,5194
String.equals(),31,5112
String.equals(),31,5173
String.equals(),31,5229
String.equals(),31,5175
String.equals(),31,5058
String.equals(),31,5138
String.equals(),31,5147
String.equals(),31,5151
String.equals(),31,5151
String.equals(),31,5158
String.equals(),31,5087
String.equals(),31,5193
String.equals(),31,5128
String.equals(),31,5146
String.equals(),31,5077
String.equals(),31,5121
String.equals(),31,5109
String.equals(),31,5186
String.equals(),31,5107
String.equals(),31,5222
String.equals(),31,5127
String.equals(),31,5183
String.equals(),31,5152
String.equals(),31,5053
String.equals(),31,5183
String.equals(),31,5138
String.equals(),31,5167
String.equals(),31,5169
String.equals(),31,5185
String.equals(),31,5078
String.equals(),31,5157
String.equals(),31,5193
String.equals(),31,5145
String.equals(),31,5189
String.equals(),31,5170
String.equals(),31,5152
String.equals(),31,5109
String.equals(),31,5180
String.equals(),31,5181
String.equals(),31,5051
String.equals(),31,5132
String.equals(),31,5102
String.equals(),31,5082
String.equals(),31,5169
String.equals(),31,5179
String.equals(),31,5173
String.equals(),31,5147
String.equals(),31,5106
String.equals(),31,5186
String.equals(),31,5168
String.equals(),31,5194
String.equals(),31,5116
String.equals(),31,5130
String.equals(),31,5184
String.equals(),31,5224
String.equals(),31,5189
String.equals(),31,5084
String.equals(),31,5115
MessageDigest.isEqual(),0,1999
MessageDigest.isEqual(),0,1987
MessageDigest.isEqual(),0,1978
MessageDigest.isEqual(),0,1976
MessageDigest.isEqual(),0,2012
MessageDigest.isEqual(),0,2009
MessageDigest.isEqual(),0,2028
MessageDigest.isEqual(),0,1981
MessageDigest.isEqual(),0,1969
MessageDigest.isEqual(),0,1984
MessageDigest.isEqual(),0,2008
MessageDigest.isEqual(),0,1995
MessageDigest.isEqual(),0,1993
MessageDigest.isEqual(),0,1967
MessageDigest.isEqual(),0,2016
MessageDigest.isEqual(),0,2006
MessageDigest.isEqual(),0,2015
MessageDigest.isEqual(),0,1997
MessageDigest.isEqual(),0,2017
MessageDigest.isEqual(),0,1992
MessageDigest.isEqual(),0,2033
MessageDigest.isEqual(),0,1969
MessageDigest.isEqual(),0,1926
MessageDigest.isEqual(),0,1999
MessageDigest.isEqual(),0,1997
MessageDigest.isEqual(),0,1972
MessageDigest.isEqual(),0,2010
MessageDigest.isEqual(),0,2004
MessageDigest.isEqual(),0,2016
MessageDigest.isEqual(),0,2036
MessageDigest.isEqual(),0,2024
MessageDigest.isEqual(),0,1959
MessageDigest.isEqual(),0,1946
MessageDigest.isEqual(),0,1933
MessageDigest.isEqual(),0,2085
MessageDigest.isEqual(),0,2018
MessageDigest.isEqual(),0,1944
MessageDigest.isEqual(),0,2024
MessageDigest.isEqual(),0,1956
MessageDigest.isEqual(),0,1991
MessageDigest.isEqual(),0,1911
MessageDigest.isEqual(),0,1979
MessageDigest.isEqual(),0,1989
MessageDigest.isEqual(),0,2001
MessageDigest.isEqual(),0,1993
MessageDigest.isEqual(),0,1981
MessageDigest.isEqual(),0,2010
MessageDigest.isEqual(),0,2028
MessageDigest.isEqual(),0,1939
MessageDigest.isEqual(),0,1978
MessageDigest.isEqual(),0,2020
MessageDigest.isEqual(),0,2056
MessageDigest.isEqual(),0,1996
MessageDigest.isEqual(),0,2019
MessageDigest.isEqual(),0,1994
MessageDigest.isEqual(),0,2017
MessageDigest.isEqual(),0,2046
MessageDigest.isEqual(),0,2010
MessageDigest.isEqual(),0,1973
MessageDigest.isEqual(),0,1973
MessageDigest.isEqual(),0,2014
MessageDigest.isEqual(),0,1997
MessageDigest.isEqual(),0,1978
MessageDigest.isEqual(),0,1969
MessageDigest.isEqual(),0,2026
MessageDigest.isEqual(),0,2057
MessageDigest.isEqual(),0,2027
MessageDigest.isEqual(),0,1955
MessageDigest.isEqual(),0,2012
MessageDigest.isEqual(),0,1975
MessageDigest.isEqual(),0,1984
MessageDigest.isEqual(),0,2035
MessageDigest.isEqual(),0,1994
MessageDigest.isEqual(),0,1965
MessageDigest.isEqual(),0,1988
MessageDigest.isEqual(),0,1977
MessageDigest.isEqual(),0,1954
MessageDigest.isEqual(),0,1988
MessageDigest.isEqual(),0,2020
MessageDigest.isEqual(),0,1977
MessageDigest.isEqual(),0,1935
MessageDigest.isEqual(),0,1916
MessageDigest.isEqual(),0,1985
MessageDigest.isEqual(),0,1972
MessageDigest.isEqual(),0,2033
MessageDigest.isEqual(),0,1975
MessageDigest.isEqual(),0,1993
MessageDigest.isEqual(),0,1964
MessageDigest.isEqual(),0,1986
MessageDigest.isEqual(),0,2031
MessageDigest.isEqual(),0,1994
MessageDigest.isEqual(),0,2006
MessageDigest.isEqual(),0,2015
MessageDigest.isEqual(),0,2010
MessageDigest.isEqual(),0,2021
MessageDigest.isEqual(),0,2016
MessageDigest.isEqual(),0,1989
MessageDigest.isEqual(),0,2016
MessageDigest.isEqual(),0,1962
MessageDigest.isEqual(),0,1949
MessageDigest.isEqual(),1,2048
MessageDigest.isEqual(),1,1983
MessageDigest.isEqual(),1,2027
MessageDigest.isEqual(),1,1984
MessageDigest.isEqual(),1,2003
MessageDigest.isEqual(),1,2065
MessageDigest.isEqual(),1,1999
MessageDigest.isEqual(),1,1940
MessageDigest.isEqual(),1,1989
MessageDigest.isEqual(),1,2039
MessageDigest.isEqual(),1,1993
MessageDigest.isEqual(),1,2035
MessageDigest.isEqual(),1,1980
MessageDigest.isEqual(),1,2028
MessageDigest.isEqual(),1,2008
MessageDigest.isEqual(),1,1935
MessageDigest.isEqual(),1,2021
MessageDigest.isEqual(),1,1986
MessageDigest.isEqual(),1,1940
MessageDigest.isEqual(),1,2025
MessageDigest.isEqual(),1,1966
MessageDigest.isEqual(),1,2058
MessageDigest.isEqual(),1,1979
MessageDigest.isEqual(),1,2020
MessageDigest.isEqual(),1,1987
MessageDigest.isEqual(),1,2008
MessageDigest.isEqual(),1,2021
MessageDigest.isEqual(),1,2028
MessageDigest.isEqual(),1,2049
MessageDigest.isEqual(),1,1967
MessageDigest.isEqual(),1,1983
MessageDigest.isEqual(),1,1994
MessageDigest.isEqual(),1,1968
MessageDigest.isEqual(),1,1917
MessageDigest.isEqual(),1,2010
MessageDigest.isEqual(),1,1994
MessageDigest.isEqual(),1,2036
MessageDigest.isEqual(),1,1990
MessageDigest.isEqual(),1,2023
MessageDigest.isEqual(),1,2011
MessageDigest.isEqual(),1,1997
MessageDigest.isEqual(),1,2044
MessageDigest.isEqual(),1,2000
MessageDigest.isEqual(),1,2015
MessageDigest.isEqual(),1,2028
MessageDigest.isEqual(),1,1940
MessageDigest.isEqual(),1,1941
MessageDigest.isEqual(),1,1971
MessageDigest.isEqual(),1,2019
MessageDigest.isEqual(),1,1983
MessageDigest.isEqual(),1,2021
MessageDigest.isEqual(),1,1997
MessageDigest.isEqual(),1,2025
MessageDigest.isEqual(),1,1986
MessageDigest.isEqual(),1,2069
MessageDigest.isEqual(),1,2013
MessageDigest.isEqual(),1,1997
MessageDigest.isEqual(),1,1970
MessageDigest.isEqual(),1,1968
MessageDigest.isEqual(),1,2024
MessageDigest.isEqual(),1,2009
MessageDigest.isEqual(),1,1933
MessageDigest.isEqual(),1,2003
MessageDigest.isEqual(),1,1995
MessageDigest.isEqual(),1,2028
MessageDigest.isEqual(),1,2061
MessageDigest.isEqual(),1,1989
MessageDigest.isEqual(),1,2068
MessageDigest.isEqual(),1,2032
MessageDigest.isEqual(),1,1968
MessageDigest.isEqual(),1,2035
MessageDigest.isEqual(),1,2006
MessageDigest.isEqual(),1,1947
MessageDigest.isEqual(),1,2035
MessageDigest.isEqual(),1,2005
MessageDigest.isEqual(),1,1983
MessageDigest.isEqual(),1,1999
MessageDigest.isEqual(),1,2030
MessageDigest.isEqual(),1,1973
MessageDigest.isEqual(),1,2009
MessageDigest.isEqual(),1,2036
MessageDigest.isEqual(),1,1973
MessageDigest.isEqual(),1,2015
MessageDigest.isEqual(),1,1994
MessageDigest.isEqual(),1,1991
MessageDigest.isEqual(),1,2035
MessageDigest.isEqual(),1,1948
MessageDigest.isEqual(),1,1996
MessageDigest.isEqual(),1,2072
MessageDigest.isEqual(),1,2009
MessageDigest.isEqual(),1,1994
MessageDigest.isEqual(),1,1991
MessageDigest.isEqual(),1,1969
MessageDigest.isEqual(),1,2032
MessageDigest.isEqual(),1,2090
MessageDigest.isEqual(),1,2032
MessageDigest.isEqual(),1,2042
MessageDigest.isEqual(),1,2006
MessageDigest.isEqual(),1,2035
MessageDigest.isEqual(),1,1985
MessageDigest.isEqual(),2,2018
MessageDigest.isEqual(),2,2006
MessageDigest.isEqual(),2,1963
MessageDigest.isEqual(),2,1995
MessageDigest.isEqual(),2,1998
MessageDigest.isEqual(),2,2004
MessageDigest.isEqual(),2,1957
MessageDigest.isEqual(),2,2009
MessageDigest.isEqual(),2,2036
MessageDigest.isEqual(),2,1975
MessageDigest.isEqual(),2,2019
MessageDigest.isEqual(),2,1981
MessageDigest.isEqual(),2,2046
MessageDigest.isEqual(),2,1937
MessageDigest.isEqual(),2,1972
MessageDigest.isEqual(),2,2053
MessageDigest.isEqual(),2,2067
MessageDigest.isEqual(),2,2033
MessageDigest.isEqual(),2,2008
MessageDigest.isEqual(),2,2025
MessageDigest.isEqual(),2,2043
MessageDigest.isEqual(),2,1964
MessageDigest.isEqual(),2,1987
MessageDigest.isEqual(),2,2022
MessageDigest.isEqual(),2,1998
MessageDigest.isEqual(),2,2019
MessageDigest.isEqual(),2,1955
MessageDigest.isEqual(),2,1963
MessageDigest.isEqual(),2,2092
MessageDigest.isEqual(),2,1994
MessageDigest.isEqual(),2,1979
MessageDigest.isEqual(),2,2011
MessageDigest.isEqual(),2,1975
MessageDigest.isEqual(),2,1993
MessageDigest.isEqual(),2,2006
MessageDigest.isEqual(),2,1996
MessageDigest.isEqual(),2,2018
MessageDigest.isEqual(),2,1984
MessageDigest.isEqual(),2,2047
MessageDigest.isEqual(),2,1938
MessageDigest.isEqual(),2,1990
MessageDigest.isEqual(),2,1940
MessageDigest.isEqual(),2,1990
MessageDigest.isEqual(),2,2017
MessageDigest.isEqual(),2,2002
MessageDigest.isEqual(),2,1964
MessageDigest.isEqual(),2,1998
MessageDigest.isEqual(),2,2041
MessageDigest.isEqual(),2,2067
MessageDigest.isEqual(),2,1987
MessageDigest.isEqual(),2,1923
MessageDigest.isEqual(),2,1933
MessageDigest.isEqual(),2,2037
MessageDigest.isEqual(),2,2031
MessageDigest.isEqual(),2,2058
MessageDigest.isEqual(),2,2007
MessageDigest.isEqual(),2,1955
MessageDigest.isEqual(),2,1947
MessageDigest.isEqual(),2,2003
MessageDigest.isEqual(),2,2011
MessageDigest.isEqual(),2,2040
MessageDigest.isEqual(),2,2030
MessageDigest.isEqual(),2,2034
MessageDigest.isEqual(),2,1958
MessageDigest.isEqual(),2,1954
MessageDigest.isEqual(),2,1989
MessageDigest.isEqual(),2,1973
MessageDigest.isEqual(),2,2027
MessageDigest.isEqual(),2,1984
MessageDigest.isEqual(),2,2040
MessageDigest.isEqual(),2,2040
MessageDigest.isEqual(),2,1946
MessageDigest.isEqual(),2,2015
MessageDigest.isEqual(),2,1994
MessageDigest.isEqual(),2,2015
MessageDigest.isEqual(),2,1986
MessageDigest.isEqual(),2,1950
MessageDigest.isEqual(),2,2019
MessageDigest.isEqual(),2,2026
MessageDigest.isEqual(),2,1949
MessageDigest.isEqual(),2,2014
MessageDigest.isEqual(),2,1952
MessageDigest.isEqual(),2,2089
MessageDigest.isEqual(),2,1950
MessageDigest.isEqual(),2,1968
MessageDigest.isEqual(),2,1995
MessageDigest.isEqual(),2,2053
MessageDigest.isEqual(),2,2009
MessageDigest.isEqual(),2,1969
MessageDigest.isEqual(),2,2017
MessageDigest.isEqual(),2,1984
MessageDigest.isEqual(),2,1987
MessageDigest.isEqual(),2,2016
MessageDigest.isEqual(),2,2006
MessageDigest.isEqual(),2,1974
MessageDigest.isEqual(),2,1993
MessageDigest.isEqual(),2,1974
MessageDigest.isEqual(),2,1965
MessageDigest.isEqual(),2,1992
MessageDigest.isEqual(),2,2007
MessageDigest.isEqual(),3,2036
MessageDigest.isEqual(),3,1969
MessageDigest.isEqual(),3,2002
MessageDigest.isEqual(),3,1969
MessageDigest.isEqual(),3,1968
MessageDigest.isEqual(),3,1987
MessageDigest.isEqual(),3,1985
MessageDigest.isEqual(),3,2013
MessageDigest.isEqual(),3,1990
MessageDigest.isEqual(),3,1919
MessageDigest.isEqual(),3,2026
MessageDigest.isEqual(),3,2028
MessageDigest.isEqual(),3,2005
MessageDigest.isEqual(),3,1936
MessageDigest.isEqual(),3,1988
MessageDigest.isEqual(),3,2014
MessageDigest.isEqual(),3,2009
MessageDigest.isEqual(),3,1989
MessageDigest.isEqual(),3,2029
MessageDigest.isEqual(),3,1963
MessageDigest.isEqual(),3,1970
MessageDigest.isEqual(),3,1979
MessageDigest.isEqual(),3,1999
MessageDigest.isEqual(),3,2044
MessageDigest.isEqual(),3,2007
MessageDigest.isEqual(),3,2055
MessageDigest.isEqual(),3,2014
MessageDigest.isEqual(),3,2010
MessageDigest.isEqual(),3,2023
MessageDigest.isEqual(),3,2012
MessageDigest.isEqual(),3,2007
MessageDigest.isEqual(),3,2014
MessageDigest.isEqual(),3,1991
MessageDigest.isEqual(),3,1988
MessageDigest.isEqual(),3,2026
MessageDigest.isEqual(),3,2001
MessageDigest.isEqual(),3,2063
MessageDigest.isEqual(),3,2044
MessageDigest.isEqual(),3,1948
MessageDigest.isEqual(),3,2013
MessageDigest.isEqual(),3,1992
MessageDigest.isEqual(),3,1999
MessageDigest.isEqual(),3,1969
MessageDigest.isEqual(),3,1975
MessageDigest.isEqual(),3,1966
MessageDigest.isEqual(),3,2050
MessageDigest.isEqual(),3,1963
MessageDigest.isEqual(),3,2024
MessageDigest.isEqual(),3,2025
MessageDigest.isEqual(),3,2005
MessageDigest.isEqual(),3,2016
MessageDigest.isEqual(),3,2005
MessageDigest.isEqual(),3,2009
MessageDigest.isEqual(),3,2007
MessageDigest.isEqual(),3,1972
MessageDigest.isEqual(),3,2030
MessageDigest.isEqual(),3,1999
MessageDigest.isEqual(),3,1993
MessageDigest.isEqual(),3,2005
MessageDigest.isEqual(),3,1959
MessageDigest.isEqual(),3,2026
MessageDigest.isEqual(),3,2028
MessageDigest.isEqual(),3,2011
MessageDigest.isEqual(),3,2020
MessageDigest.isEqual(),3,2017
MessageDigest.isEqual(),3,1989
MessageDigest.isEqual(),3,1956
MessageDigest.isEqual(),3,2029
MessageDigest.isEqual(),3,1998
MessageDigest.isEqual(),3,1992
MessageDigest.isEqual(),3,2048
MessageDigest.isEqual(),3,2007
MessageDigest.isEqual(),3,1942
MessageDigest.isEqual(),3,1974
MessageDigest.isEqual(),3,2014
MessageDigest.isEqual(),3,1999
MessageDigest.isEqual(),3,2010
MessageDigest.isEqual(),3,1974
MessageDigest.isEqual(),3,2028
MessageDigest.isEqual(),3,2003
MessageDigest.isEqual(),3,2024
MessageDigest.isEqual(),3,2004
MessageDigest.isEqual(),3,2031
MessageDigest.isEqual(),3,1992
MessageDigest.isEqual(),3,1974
MessageDigest.isEqual(),3,1956
MessageDigest.isEqual(),3,1985
MessageDigest.isEqual(),3,2039
MessageDigest.isEqual(),3,1966
MessageDigest.isEqual(),3,1963
MessageDigest.isEqual(),3,2030
MessageDigest.isEqual(),3,1986
MessageDigest.isEqual(),3,1966
MessageDigest.isEqual(),3,2024
MessageDigest.isEqual(),3,2020
MessageDigest.isEqual(),3,1987
MessageDigest.isEqual(),3,2056
MessageDigest.isEqual(),3,2036
MessageDigest.isEqual(),3,2025
MessageDigest.isEqual(),3,2014
MessageDigest.isEqual(),4,1998
MessageDigest.isEqual(),4,1972
MessageDigest.isEqual(),4,2018
MessageDigest.isEqual(),4,1999
MessageDigest.isEqual(),4,1994
MessageDigest.isEqual(),4,2043
MessageDigest.isEqual(),4,2019
MessageDigest.isEqual(),4,1979
MessageDigest.isEqual(),4,2038
MessageDigest.isEqual(),4,2048
MessageDigest.isEqual(),4,2002
MessageDigest.isEqual(),4,1986
MessageDigest.isEqual(),4,2012
MessageDigest.isEqual(),4,1933
MessageDigest.isEqual(),4,1996
MessageDigest.isEqual(),4,2035
MessageDigest.isEqual(),4,2011
MessageDigest.isEqual(),4,1998
MessageDigest.isEqual(),4,2064
MessageDigest.isEqual(),4,2037
MessageDigest.isEqual(),4,1977
MessageDigest.isEqual(),4,1973
MessageDigest.isEqual(),4,2036
MessageDigest.isEqual(),4,1989
MessageDigest.isEqual(),4,2014
MessageDigest.isEqual(),4,1995
MessageDigest.isEqual(),4,1964
MessageDigest.isEqual(),4,1981
MessageDigest.isEqual(),4,1968
MessageDigest.isEqual(),4,2009
MessageDigest.isEqual(),4,2015
MessageDigest.isEqual(),4,1976
MessageDigest.isEqual(),4,2014
MessageDigest.isEqual(),4,2011
MessageDigest.isEqual(),4,1960
MessageDigest.isEqual(),4,1953
MessageDigest.isEqual(),4,1958
MessageDigest.isEqual(),4,1969
MessageDigest.isEqual(),4,1950
MessageDigest.isEqual(),4,1959
MessageDigest.isEqual(),4,1963
MessageDigest.isEqual(),4,2038
MessageDigest.isEqual(),4,2014
MessageDigest.isEqual(),4,1994
MessageDigest.isEqual(),4,2029
MessageDigest.isEqual(),4,1993
MessageDigest.isEqual(),4,2035
MessageDigest.isEqual(),4,1975
MessageDigest.isEqual(),4,1996
MessageDigest.isEqual(),4,2007
MessageDigest.isEqual(),4,2010
MessageDigest.isEqual(),4,2033
MessageDigest.isEqual(),4,2028
MessageDigest.isEqual(),4,1986
MessageDigest.isEqual(),4,2001
MessageDigest.isEqual(),4,1994
MessageDigest.isEqual(),4,1962
MessageDigest.isEqual(),4,1969
MessageDigest.isEqual(),4,1996
MessageDigest.isEqual(),4,1959
MessageDigest.isEqual(),4,2002
MessageDigest.isEqual(),4,1979
MessageDigest.isEqual(),4,1984
MessageDigest.isEqual(),4,1943
MessageDigest.isEqual(),4,1967
MessageDigest.isEqual(),4,1997
MessageDigest.isEqual(),4,2021
MessageDigest.isEqual(),4,2000
MessageDigest.isEqual(),4,1973
MessageDigest.isEqual(),4,1956
MessageDigest.isEqual(),4,1970
MessageDigest.isEqual(),4,1998
MessageDigest.isEqual(),4,1997
MessageDigest.isEqual(),4,1967
MessageDigest.isEqual(),4,2014
MessageDigest.isEqual(),4,1989
MessageDigest.isEqual(),4,2021
MessageDigest.isEqual(),4,2057
MessageDigest.isEqual(),4,2011
MessageDigest.isEqual(),4,1985
MessageDigest.isEqual(),4,2020
MessageDigest.isEqual(),4,2056
MessageDigest.isEqual(),4,1987
MessageDigest.isEqual(),4,2003
MessageDigest.isEqual(),4,1968
MessageDigest.isEqual(),4,2002
MessageDigest.isEqual(),4,1955
MessageDigest.isEqual(),4,1951
MessageDigest.isEqual(),4,1968
MessageDigest.isEqual(),4,1960
MessageDigest.isEqual(),4,1985
MessageDigest.isEqual(),4,2017
MessageDigest.isEqual(),4,1983
MessageDigest.isEqual(),4,1990
MessageDigest.isEqual(),4,1984
MessageDigest.isEqual(),4,1994
MessageDigest.isEqual(),4,1953
MessageDigest.isEqual(),4,1973
MessageDigest.isEqual(),4,1980
MessageDigest.isEqual(),4,2021
MessageDigest.isEqual(),5,2007
MessageDigest.isEqual(),5,1962
MessageDigest.isEqual(),5,1986
MessageDigest.isEqual(),5,1997
MessageDigest.isEqual(),5,1967
MessageDigest.isEqual(),5,1996
MessageDigest.isEqual(),5,1999
MessageDigest.isEqual(),5,2049
MessageDigest.isEqual(),5,2017
MessageDigest.isEqual(),5,2017
MessageDigest.isEqual(),5,1956
MessageDigest.isEqual(),5,2052
MessageDigest.isEqual(),5,1986
MessageDigest.isEqual(),5,1991
MessageDigest.isEqual(),5,2015
MessageDigest.isEqual(),5,2029
MessageDigest.isEqual(),5,1961
MessageDigest.isEqual(),5,2044
MessageDigest.isEqual(),5,2019
MessageDigest.isEqual(),5,1985
MessageDigest.isEqual(),5,2029
MessageDigest.isEqual(),5,2000
MessageDigest.isEqual(),5,2019
MessageDigest.isEqual(),5,2006
MessageDigest.isEqual(),5,1969
MessageDigest.isEqual(),5,1952
MessageDigest.isEqual(),5,2028
MessageDigest.isEqual(),5,2033
MessageDigest.isEqual(),5,1952
MessageDigest.isEqual(),5,1991
MessageDigest.isEqual(),5,2014
MessageDigest.isEqual(),5,1966
MessageDigest.isEqual(),5,2014
MessageDigest.isEqual(),5,2032
MessageDigest.isEqual(),5,2000
MessageDigest.isEqual(),5,2025
MessageDigest.isEqual(),5,2005
MessageDigest.isEqual(),5,1969
MessageDigest.isEqual(),5,1963
MessageDigest.isEqual(),5,2020
MessageDigest.isEqual(),5,2008
MessageDigest.isEqual(),5,2014
MessageDigest.isEqual(),5,2039
MessageDigest.isEqual(),5,2002
MessageDigest.isEqual(),5,1999
MessageDigest.isEqual(),5,1976
MessageDigest.isEqual(),5,2055
MessageDigest.isEqual(),5,2016
MessageDigest.isEqual(),5,2032
MessageDigest.isEqual(),5,2017
MessageDigest.isEqual(),5,1930
MessageDigest.isEqual(),5,1987
MessageDigest.isEqual(),5,1992
MessageDigest.isEqual(),5,1996
MessageDigest.isEqual(),5,2034
MessageDigest.isEqual(),5,2058
MessageDigest.isEqual(),5,1989
MessageDigest.isEqual(),5,2054
MessageDigest.isEqual(),5,1988
MessageDigest.isEqual(),5,1978
MessageDigest.isEqual(),5,2017
MessageDigest.isEqual(),5,1989
MessageDigest.isEqual(),5,1976
MessageDigest.isEqual(),5,1965
MessageDigest.isEqual(),5,2005
MessageDigest.isEqual(),5,2014
MessageDigest.isEqual(),5,1944
MessageDigest.isEqual(),5,1987
MessageDigest.isEqual(),5,1980
MessageDigest.isEqual(),5,1992
MessageDigest.isEqual(),5,1956
MessageDigest.isEqual(),5,1975
MessageDigest.isEqual(),5,2007
MessageDigest.isEqual(),5,1994
MessageDigest.isEqual(),5,1971
MessageDigest.isEqual(),5,1997
MessageDigest.isEqual(),5,1959
MessageDigest.isEqual(),5,1979
MessageDigest.isEqual(),5,2010
MessageDigest.isEqual(),5,1982
MessageDigest.isEqual(),5,2010
MessageDigest.isEqual(),5,1961
MessageDigest.isEqual(),5,1976
MessageDigest.isEqual(),5,1951
MessageDigest.isEqual(),5,2015
MessageDigest.isEqual(),5,2001
MessageDigest.isEqual(),5,1985
MessageDigest.isEqual(),5,1935
MessageDigest.isEqual(),5,2073
MessageDigest.isEqual(),5,1988
MessageDigest.isEqual(),5,2025
MessageDigest.isEqual(),5,2026
MessageDigest.isEqual(),5,2007
MessageDigest.isEqual(),5,1944
MessageDigest.isEqual(),5,1980
MessageDigest.isEqual(),5,2023
MessageDigest.isEqual(),5,1996
MessageDigest.isEqual(),5,2017
MessageDigest.isEqual(),5,2024
MessageDigest.isEqual(),5,2043
MessageDigest.isEqual(),6,2018
MessageDigest.isEqual(),6,1980
MessageDigest.isEqual(),6,2002
MessageDigest.isEqual(),6,2037
MessageDigest.isEqual(),6,2001
MessageDigest.isEqual(),6,2000
MessageDigest.isEqual(),6,2011
MessageDigest.isEqual(),6,1959
MessageDigest.isEqual(),6,2037
MessageDigest.isEqual(),6,2039
MessageDigest.isEqual(),6,2046
MessageDigest.isEqual(),6,2032
MessageDigest.isEqual(),6,2018
MessageDigest.isEqual(),6,2044
MessageDigest.isEqual(),6,1941
MessageDigest.isEqual(),6,1994
MessageDigest.isEqual(),6,2052
MessageDigest.isEqual(),6,2000
MessageDigest.isEqual(),6,2020
MessageDigest.isEqual(),6,1975
MessageDigest.isEqual(),6,2053
MessageDigest.isEqual(),6,2019
MessageDigest.isEqual(),6,2010
MessageDigest.isEqual(),6,2053
MessageDigest.isEqual(),6,2019
MessageDigest.isEqual(),6,2046
MessageDigest.isEqual(),6,2002
MessageDigest.isEqual(),6,1987
MessageDigest.isEqual(),6,2052
MessageDigest.isEqual(),6,1988
MessageDigest.isEqual(),6,2024
MessageDigest.isEqual(),6,2045
MessageDigest.isEqual(),6,1975
MessageDigest.isEqual(),6,2010
MessageDigest.isEqual(),6,2023
MessageDigest.isEqual(),6,2014
MessageDigest.isEqual(),6,1990
MessageDigest.isEqual(),6,2002
MessageDigest.isEqual(),6,2049
MessageDigest.isEqual(),6,2028
MessageDigest.isEqual(),6,1969
MessageDigest.isEqual(),6,2014
MessageDigest.isEqual(),6,1996
MessageDigest.isEqual(),6,2072
MessageDigest.isEqual(),6,1984
MessageDigest.isEqual(),6,1981
MessageDigest.isEqual(),6,2029
MessageDigest.isEqual(),6,2011
MessageDigest.isEqual(),6,2053
MessageDigest.isEqual(),6,1994
MessageDigest.isEqual(),6,2030
MessageDigest.isEqual(),6,2005
MessageDigest.isEqual(),6,2036
MessageDigest.isEqual(),6,2014
MessageDigest.isEqual(),6,2040
MessageDigest.isEqual(),6,2025
MessageDigest.isEqual(),6,1947
MessageDigest.isEqual(),6,1975
MessageDigest.isEqual(),6,1994
MessageDigest.isEqual(),6,2015
MessageDigest.isEqual(),6,1983
MessageDigest.isEqual(),6,1992
MessageDigest.isEqual(),6,2032
MessageDigest.isEqual(),6,2006
MessageDigest.isEqual(),6,2052
MessageDigest.isEqual(),6,1962
MessageDigest.isEqual(),6,1984
MessageDigest.isEqual(),6,2065
MessageDigest.isEqual(),6,2040
MessageDigest.isEqual(),6,1993
MessageDigest.isEqual(),6,2062
MessageDigest.isEqual(),6,1967
MessageDigest.isEqual(),6,1992
MessageDigest.isEqual(),6,1989
MessageDigest.isEqual(),6,1957
MessageDigest.isEqual(),6,2011
MessageDigest.isEqual(),6,2004
MessageDigest.isEqual(),6,2002
MessageDigest.isEqual(),6,2007
MessageDigest.isEqual(),6,1954
MessageDigest.isEqual(),6,1992
MessageDigest.isEqual(),6,1978
MessageDigest.isEqual(),6,1996
MessageDigest.isEqual(),6,2012
MessageDigest.isEqual(),6,1990
MessageDigest.isEqual(),6,2012
MessageDigest.isEqual(),6,2010
MessageDigest.isEqual(),6,1962
MessageDigest.isEqual(),6,2003
MessageDigest.isEqual(),6,1985
MessageDigest.isEqual(),6,2018
MessageDigest.isEqual(),6,1921
MessageDigest.isEqual(),6,1971
MessageDigest.isEqual(),6,1996
MessageDigest.isEqual(),6,1965
MessageDigest.isEqual(),6,1998
MessageDigest.isEqual(),6,2009
MessageDigest.isEqual(),6,1955
MessageDigest.isEqual(),6,1996
MessageDigest.isEqual(),6,1999
MessageDigest.isEqual(),7,1982
MessageDigest.isEqual(),7,2038
MessageDigest.isEqual(),7,1990
MessageDigest.isEqual(),7,1943
MessageDigest.isEqual(),7,1972
MessageDigest.isEqual(),7,1944
MessageDigest.isEqual(),7,1985
MessageDigest.isEqual(),7,1962
MessageDigest.isEqual(),7,1961
MessageDigest.isEqual(),7,2035
MessageDigest.isEqual(),7,2008
MessageDigest.isEqual(),7,2015
MessageDigest.isEqual(),7,2007
MessageDigest.isEqual(),7,2023
MessageDigest.isEqual(),7,2018
MessageDigest.isEqual(),7,1973
MessageDigest.isEqual(),7,2021
MessageDigest.isEqual(),7,1965
MessageDigest.isEqual(),7,2014
MessageDigest.isEqual(),7,1976
MessageDigest.isEqual(),7,2038
MessageDigest.isEqual(),7,2033
MessageDigest.isEqual(),7,2012
MessageDigest.isEqual(),7,2025
MessageDigest.isEqual(),7,1964
MessageDigest.isEqual(),7,2009
MessageDigest.isEqual(),7,2041
MessageDigest.isEqual(),7,1991
MessageDigest.isEqual(),7,1963
MessageDigest.isEqual(),7,2024
MessageDigest.isEqual(),7,1948
MessageDigest.isEqual(),7,2006
MessageDigest.isEqual(),7,1998
MessageDigest.isEqual(),7,2007
MessageDigest.isEqual(),7,1976
MessageDigest.isEqual(),7,2014
MessageDigest.isEqual(),7,2015
MessageDigest.isEqual(),7,2028
MessageDigest.isEqual(),7,1996
MessageDigest.isEqual(),7,1955
MessageDigest.isEqual(),7,1988
MessageDigest.isEqual(),7,1935
MessageDigest.isEqual(),7,2021
MessageDigest.isEqual(),7,1994
MessageDigest.isEqual(),7,1972
MessageDigest.isEqual(),7,2017
MessageDigest.isEqual(),7,2001
MessageDigest.isEqual(),7,2087
MessageDigest.isEqual(),7,1987
MessageDigest.isEqual(),7,2003
MessageDigest.isEqual(),7,1974
MessageDigest.isEqual(),7,1979
MessageDigest.isEqual(),7,2015
MessageDigest.isEqual(),7,1997
MessageDigest.isEqual(),7,2042
MessageDigest.isEqual(),7,1981
MessageDigest.isEqual(),7,2010
MessageDigest.isEqual(),7,2008
MessageDigest.isEqual(),7,2028
MessageDigest.isEqual(),7,1957
MessageDigest.isEqual(),7,1998
MessageDigest.isEqual(),7,1968
MessageDigest.isEqual(),7,2009
MessageDigest.isEqual(),7,1944
MessageDigest.isEqual(),7,2039
MessageDigest.isEqual(),7,1952
MessageDigest.isEqual(),7,1961
MessageDigest.isEqual(),7,2018
MessageDigest.isEqual(),7,2033
MessageDigest.isEqual(),7,1974
MessageDigest.isEqual(),7,1953
MessageDigest.isEqual(),7,1998
MessageDigest.isEqual(),7,2032
MessageDigest.isEqual(),7,2008
MessageDigest.isEqual(),7,2055
MessageDigest.isEqual(),7,2013
MessageDigest.isEqual(),7,1986
MessageDigest.isEqual(),7,2026
MessageDigest.isEqual(),7,2005
MessageDigest.isEqual(),7,1977
MessageDigest.isEqual(),7,1974
MessageDigest.isEqual(),7,1957
MessageDigest.isEqual(),7,1955
MessageDigest.isEqual(),7,2031
MessageDigest.isEqual(),7,1994
MessageDigest.isEqual(),7,1982
MessageDigest.isEqual(),7,1970
MessageDigest.isEqual(),7,1994
MessageDigest.isEqual(),7,2029
MessageDigest.isEqual(),7,1923
MessageDigest.isEqual(),7,2000
MessageDigest.isEqual(),7,1979
MessageDigest.isEqual(),7,2020
MessageDigest.isEqual(),7,1943
MessageDigest.isEqual(),7,1967
MessageDigest.isEqual(),7,1989
MessageDigest.isEqual(),7,2021
MessageDigest.isEqual(),7,1966
MessageDigest.isEqual(),7,2008
MessageDigest.isEqual(),7,2026
MessageDigest.isEqual(),8,2003
MessageDigest.isEqual(),8,1996
MessageDigest.isEqual(),8,1975
MessageDigest.isEqual(),8,2038
MessageDigest.isEqual(),8,2032
MessageDigest.isEqual(),8,1996
MessageDigest.isEqual(),8,2007
MessageDigest.isEqual(),8,1967
MessageDigest.isEqual(),8,2009
MessageDigest.isEqual(),8,1986
MessageDigest.isEqual(),8,1966
MessageDigest.isEqual(),8,1998
MessageDigest.isEqual(),8,2055
MessageDigest.isEqual(),8,1989
MessageDigest.isEqual(),8,2013
MessageDigest.isEqual(),8,2021
MessageDigest.isEqual(),8,2036
MessageDigest.isEqual(),8,1995
MessageDigest.isEqual(),8,2006
MessageDigest.isEqual(),8,1956
MessageDigest.isEqual(),8,1948
MessageDigest.isEqual(),8,2014
MessageDigest.isEqual(),8,1958
MessageDigest.isEqual(),8,1973
MessageDigest.isEqual(),8,1993
MessageDigest.isEqual(),8,1963
MessageDigest.isEqual(),8,2008
MessageDigest.isEqual(),8,2048
MessageDigest.isEqual(),8,2022
MessageDigest.isEqual(),8,1984
MessageDigest.isEqual(),8,2008
MessageDigest.isEqual(),8,1992
MessageDigest.isEqual(),8,1971
MessageDigest.isEqual(),8,2031
MessageDigest.isEqual(),8,2006
MessageDigest.isEqual(),8,2050
MessageDigest.isEqual(),8,2024
MessageDigest.isEqual(),8,2039
MessageDigest.isEqual(),8,2012
MessageDigest.isEqual(),8,1991
MessageDigest.isEqual(),8,1982
MessageDigest.isEqual(),8,1968
MessageDigest.isEqual(),8,2040
MessageDigest.isEqual(),8,2005
MessageDigest.isEqual(),8,1997
MessageDigest.isEqual(),8,2016
MessageDigest.isEqual(),8,1988
MessageDigest.isEqual(),8,2001
MessageDigest.isEqual(),8,1973
MessageDigest.isEqual(),8,2004
MessageDigest.isEqual(),8,2008
MessageDigest.isEqual(),8,1968
MessageDigest.isEqual(),8,2005
MessageDigest.isEqual(),8,2041
MessageDigest.isEqual(),8,1971
MessageDigest.isEqual(),8,2017
MessageDigest.isEqual(),8,1989
MessageDigest.isEqual(),8,2044
MessageDigest.isEqual(),8,1949
MessageDigest.isEqual(),8,1954
MessageDigest.isEqual(),8,1969
MessageDigest.isEqual(),8,1980
MessageDigest.isEqual(),8,1980
MessageDigest.isEqual(),8,1954
MessageDigest.isEqual(),8,2017
MessageDigest.isEqual(),8,1984
MessageDigest.isEqual(),8,2047
MessageDigest.isEqual(),8,1988
MessageDigest.isEqual(),8,1953
MessageDigest.isEqual(),8,1959
MessageDigest.isEqual(),8,1971
MessageDigest.isEqual(),8,1998
MessageDigest.isEqual(),8,2013
MessageDigest.isEqual(),8,1985
MessageDigest.isEqual(),8,2008
MessageDigest.isEqual(),8,2016
MessageDigest.isEqual(),8,1959
MessageDigest.isEqual(),8,1975
MessageDigest.isEqual(),8,1990
MessageDigest.isEqual(),8,1986
MessageDigest.isEqual(),8,1984
MessageDigest.isEqual(),8,2008
MessageDigest.isEqual(),8,1989
MessageDigest.isEqual(),8,1977
MessageDigest.isEqual(),8,2026
MessageDigest.isEqual(),8,2008
MessageDigest.isEqual(),8,1993
MessageDigest.isEqual(),8,1990
MessageDigest.isEqual(),8,2004
MessageDigest.isEqual(),8,2030
MessageDigest.isEqual(),8,1994
MessageDigest.isEqual(),8,1961
MessageDigest.isEqual(),8,2034
MessageDigest.isEqual(),8,2061
MessageDigest.isEqual(),8,1952
MessageDigest.isEqual(),8,1983
MessageDigest.isEqual(),8,1942
MessageDigest.isEqual(),8,1994
MessageDigest.isEqual(),8,2004
MessageDigest.isEqual(),8,2020
MessageDigest.isEqual(),9,1993
MessageDigest.isEqual(),9,2015
MessageDigest.isEqual(),9,2042
MessageDigest.isEqual(),9,2019
MessageDigest.isEqual(),9,1960
MessageDigest.isEqual(),9,2009
MessageDigest.isEqual(),9,1938
MessageDigest.isEqual(),9,1999
MessageDigest.isEqual(),9,1982
MessageDigest.isEqual(),9,2055
MessageDigest.isEqual(),9,1967
MessageDigest.isEqual(),9,1998
MessageDigest.isEqual(),9,1966
MessageDigest.isEqual(),9,2046
MessageDigest.isEqual(),9,1956
MessageDigest.isEqual(),9,2050
MessageDigest.isEqual(),9,1979
MessageDigest.isEqual(),9,2037
MessageDigest.isEqual(),9,1927
MessageDigest.isEqual(),9,1995
MessageDigest.isEqual(),9,1993
MessageDigest.isEqual(),9,1966
MessageDigest.isEqual(),9,1987
MessageDigest.isEqual(),9,1950
MessageDigest.isEqual(),9,1940
MessageDigest.isEqual(),9,1977
MessageDigest.isEqual(),9,2010
MessageDigest.isEqual(),9,1999
MessageDigest.isEqual(),9,1998
MessageDigest.isEqual(),9,2008
MessageDigest.isEqual(),9,2062
MessageDigest.isEqual(),9,1993
MessageDigest.isEqual(),9,2002
MessageDigest.isEqual(),9,2015
MessageDigest.isEqual(),9,2024
MessageDigest.isEqual(),9,2024
MessageDigest.isEqual(),9,1967
MessageDigest.isEqual(),9,2016
MessageDigest.isEqual(),9,2089
MessageDigest.isEqual(),9,2051
MessageDigest.isEqual(),9,2016
MessageDigest.isEqual(),9,1988
MessageDigest.isEqual(),9,1996
MessageDigest.isEqual(),9,2005
MessageDigest.isEqual(),9,1991
MessageDigest.isEqual(),9,2020
MessageDigest.isEqual(),9,1993
MessageDigest.isEqual(),9,1974
MessageDigest.isEqual(),9,2010
MessageDigest.isEqual(),9,1941
MessageDigest.isEqual(),9,1964
MessageDigest.isEqual(),9,1968
MessageDigest.isEqual(),9,1985
MessageDigest.isEqual(),9,1998
MessageDigest.isEqual(),9,2006
MessageDigest.isEqual(),9,1927
MessageDigest.isEqual(),9,1986
MessageDigest.isEqual(),9,1987
MessageDigest.isEqual(),9,1985
MessageDigest.isEqual(),9,2020
MessageDigest.isEqual(),9,2029
MessageDigest.isEqual(),9,2003
MessageDigest.isEqual(),9,1968
MessageDigest.isEqual(),9,1994
MessageDigest.isEqual(),9,1987
MessageDigest.isEqual(),9,2039
MessageDigest.isEqual(),9,2062
MessageDigest.isEqual(),9,2017
MessageDigest.isEqual(),9,1996
MessageDigest.isEqual(),9,2012
MessageDigest.isEqual(),9,1981
MessageDigest.isEqual(),9,1991
MessageDigest.isEqual(),9,2000
MessageDigest.isEqual(),9,2005
MessageDigest.isEqual(),9,1978
MessageDigest.isEqual(),9,1959
MessageDigest.isEqual(),9,2030
MessageDigest.isEqual(),9,2003
MessageDigest.isEqual(),9,1963
MessageDigest.isEqual(),9,2036
MessageDigest.isEqual(),9,2021
MessageDigest.isEqual(),9,2014
MessageDigest.isEqual(),9,2010
MessageDigest.isEqual(),9,1993
MessageDigest.isEqual(),9,2027
MessageDigest.isEqual(),9,1971
MessageDigest.isEqual(),9,1970
MessageDigest.isEqual(),9,1989
MessageDigest.isEqual(),9,1966
MessageDigest.isEqual(),9,1945
MessageDigest.isEqual(),9,2010
MessageDigest.isEqual(),9,2023
MessageDigest.isEqual(),9,1983
MessageDigest.isEqual(),9,2007
MessageDigest.isEqual(),9,1997
MessageDigest.isEqual(),9,1980
MessageDigest.isEqual(),9,1938
MessageDigest.isEqual(),9,1992
MessageDigest.isEqual(),9,1981
MessageDigest.isEqual(),9,2032
MessageDigest.isEqual(),10,1976
MessageDigest.isEqual(),10,2044
MessageDigest.isEqual(),10,2019
MessageDigest.isEqual(),10,2010
MessageDigest.isEqual(),10,1965
MessageDigest.isEqual(),10,2011
MessageDigest.isEqual(),10,2003
MessageDigest.isEqual(),10,1984
MessageDigest.isEqual(),10,1921
MessageDigest.isEqual(),10,2003
MessageDigest.isEqual(),10,1989
MessageDigest.isEqual(),10,1935
MessageDigest.isEqual(),10,2042
MessageDigest.isEqual(),10,1977
MessageDigest.isEqual(),10,2041
MessageDigest.isEqual(),10,1964
MessageDigest.isEqual(),10,2025
MessageDigest.isEqual(),10,2012
MessageDigest.isEqual(),10,1963
MessageDigest.isEqual(),10,1981
MessageDigest.isEqual(),10,1977
MessageDigest.isEqual(),10,2036
MessageDigest.isEqual(),10,1954
MessageDigest.isEqual(),10,2046
MessageDigest.isEqual(),10,1964
MessageDigest.isEqual(),10,1989
MessageDigest.isEqual(),10,2024
MessageDigest.isEqual(),10,1987
MessageDigest.isEqual(),10,1987
MessageDigest.isEqual(),10,1948
MessageDigest.isEqual(),10,1953
MessageDigest.isEqual(),10,2014
MessageDigest.isEqual(),10,2035
MessageDigest.isEqual(),10,1973
MessageDigest.isEqual(),10,1991
MessageDigest.isEqual(),10,1958
MessageDigest.isEqual(),10,1944
MessageDigest.isEqual(),10,2058
MessageDigest.isEqual(),10,2054
MessageDigest.isEqual(),10,2006
MessageDigest.isEqual(),10,2013
MessageDigest.isEqual(),10,1989
MessageDigest.isEqual(),10,1956
MessageDigest.isEqual(),10,2039
MessageDigest.isEqual(),10,2009
MessageDigest.isEqual(),10,2029
MessageDigest.isEqual(),10,1979
MessageDigest.isEqual(),10,1992
MessageDigest.isEqual(),10,2023
MessageDigest.isEqual(),10,1946
MessageDigest.isEqual(),10,2022
MessageDigest.isEqual(),10,1976
MessageDigest.isEqual(),10,1981
MessageDigest.isEqual(),10,1981
MessageDigest.isEqual(),10,1999
MessageDigest.isEqual(),10,2056
MessageDigest.isEqual(),10,1992
MessageDigest.isEqual(),10,1999
MessageDigest.isEqual(),10,2026
MessageDigest.isEqual(),10,2049
MessageDigest.isEqual(),10,1987
MessageDigest.isEqual(),10,1962
MessageDigest.isEqual(),10,2016
MessageDigest.isEqual(),10,2064
MessageDigest.isEqual(),10,2045
MessageDigest.isEqual(),10,1967
MessageDigest.isEqual(),10,2015
MessageDigest.isEqual(),10,2006
MessageDigest.isEqual(),10,1980
MessageDigest.isEqual(),10,1985
MessageDigest.isEqual(),10,1998
MessageDigest.isEqual(),10,1950
MessageDigest.isEqual(),10,1999
MessageDigest.isEqual(),10,2011
MessageDigest.isEqual(),10,1992
MessageDigest.isEqual(),10,1991
MessageDigest.isEqual(),10,2031
MessageDigest.isEqual(),10,2052
MessageDigest.isEqual(),10,2033
MessageDigest.isEqual(),10,2002
MessageDigest.isEqual(),10,2024
MessageDigest.isEqual(),10,1998
MessageDigest.isEqual(),10,1990
MessageDigest.isEqual(),10,2029
MessageDigest.isEqual(),10,1982
MessageDigest.isEqual(),10,1996
MessageDigest.isEqual(),10,2016
MessageDigest.isEqual(),10,1968
MessageDigest.isEqual(),10,1977
MessageDigest.isEqual(),10,1999
MessageDigest.isEqual(),10,1997
MessageDigest.isEqual(),10,1949
MessageDigest.isEqual(),10,1976
MessageDigest.isEqual(),10,1972
MessageDigest.isEqual(),10,1973
MessageDigest.isEqual(),10,2026
MessageDigest.isEqual(),10,1975
MessageDigest.isEqual(),10,1968
MessageDigest.isEqual(),10,1965
MessageDigest.isEqual(),10,1980
MessageDigest.isEqual(),11,2036
MessageDigest.isEqual(),11,1971
MessageDigest.isEqual(),11,2017
MessageDigest.isEqual(),11,2006
MessageDigest.isEqual(),11,2020
MessageDigest.isEqual(),11,2025
MessageDigest.isEqual(),11,1966
MessageDigest.isEqual(),11,2025
MessageDigest.isEqual(),11,2012
MessageDigest.isEqual(),11,1930
MessageDigest.isEqual(),11,2002
MessageDigest.isEqual(),11,1997
MessageDigest.isEqual(),11,2004
MessageDigest.isEqual(),11,2027
MessageDigest.isEqual(),11,2043
MessageDigest.isEqual(),11,1999
MessageDigest.isEqual(),11,1971
MessageDigest.isEqual(),11,1937
MessageDigest.isEqual(),11,1989
MessageDigest.isEqual(),11,1951
MessageDigest.isEqual(),11,2017
MessageDigest.isEqual(),11,1954
MessageDigest.isEqual(),11,2020
MessageDigest.isEqual(),11,2041
MessageDigest.isEqual(),11,2055
MessageDigest.isEqual(),11,2010
MessageDigest.isEqual(),11,1980
MessageDigest.isEqual(),11,2033
MessageDigest.isEqual(),11,2039
MessageDigest.isEqual(),11,1983
MessageDigest.isEqual(),11,2008
MessageDigest.isEqual(),11,1971
MessageDigest.isEqual(),11,2043
MessageDigest.isEqual(),11,1969
MessageDigest.isEqual(),11,1992
MessageDigest.isEqual(),11,1979
MessageDigest.isEqual(),11,1984
MessageDigest.isEqual(),11,2012
MessageDigest.isEqual(),11,2038
MessageDigest.isEqual(),11,2025
MessageDigest.isEqual(),11,2049
MessageDigest.isEqual(),11,2016
MessageDigest.isEqual(),11,2025
MessageDigest.isEqual(),11,1997
MessageDigest.isEqual(),11,1961
MessageDigest.isEqual(),11,2025
MessageDigest.isEqual(),11,2003
MessageDigest.isEqual(),11,1979
MessageDigest.isEqual(),11,2053
MessageDigest.isEqual(),11,1963
MessageDigest.isEqual(),11,1953
MessageDigest.isEqual(),11,1945
MessageDigest.isEqual(),11,2018
MessageDigest.isEqual(),11,2017
MessageDigest.isEqual(),11,1991
MessageDigest.isEqual(),11,2027
MessageDigest.isEqual(),11,1990
MessageDigest.isEqual(),11,1996
MessageDigest.isEqual(),11,2001
MessageDigest.isEqual(),11,2009
MessageDigest.isEqual(),11,1984
MessageDigest.isEqual(),11,1992
MessageDigest.isEqual(),11,2049
MessageDigest.isEqual(),11,2022
MessageDigest.isEqual(),11,2023
MessageDigest.isEqual(),11,2022
MessageDigest.isEqual(),11,2001
MessageDigest.isEqual(),11,2022
MessageDigest.isEqual(),11,2020
MessageDigest.isEqual(),11,2009
MessageDigest.isEqual(),11,2001
MessageDigest.isEqual(),11,1957
MessageDigest.isEqual(),11,1920
MessageDigest.isEqual(),11,2040
MessageDigest.isEqual(),11,1969
MessageDigest.isEqual(),11,1976
MessageDigest.isEqual(),11,1975
MessageDigest.isEqual(),11,2024
MessageDigest.isEqual(),11,2016
MessageDigest.isEqual(),11,1967
MessageDigest.isEqual(),11,1961
MessageDigest.isEqual(),11,2000
MessageDigest.isEqual(),11,1975
MessageDigest.isEqual(),11,1963
MessageDigest.isEqual(),11,1964
MessageDigest.isEqual(),11,1985
MessageDigest.isEqual(),11,2035
MessageDigest.isEqual(),11,1955
MessageDigest.isEqual(),11,1998
MessageDigest.isEqual(),11,1978
MessageDigest.isEqual(),11,1989
MessageDigest.isEqual(),11,1962
MessageDigest.isEqual(),11,2048
MessageDigest.isEqual(),11,1948
MessageDigest.isEqual(),11,2000
MessageDigest.isEqual(),11,1998
MessageDigest.isEqual(),11,2008
MessageDigest.isEqual(),11,2034
MessageDigest.isEqual(),11,1980
MessageDigest.isEqual(),11,1943
MessageDigest.isEqual(),12,1956
MessageDigest.isEqual(),12,1988
MessageDigest.isEqual(),12,2008
MessageDigest.isEqual(),12,2005
MessageDigest.isEqual(),12,1993
MessageDigest.isEqual(),12,1996
MessageDigest.isEqual(),12,1993
MessageDigest.isEqual(),12,1976
MessageDigest.isEqual(),12,2037
MessageDigest.isEqual(),12,2029
MessageDigest.isEqual(),12,2061
MessageDigest.isEqual(),12,1991
MessageDigest.isEqual(),12,2001
MessageDigest.isEqual(),12,1981
MessageDigest.isEqual(),12,1959
MessageDigest.isEqual(),12,2016
MessageDigest.isEqual(),12,2019
MessageDigest.isEqual(),12,1939
MessageDigest.isEqual(),12,2017
MessageDigest.isEqual(),12,2002
MessageDigest.isEqual(),12,1955
MessageDigest.isEqual(),12,1998
MessageDigest.isEqual(),12,1966
MessageDigest.isEqual(),12,2019
MessageDigest.isEqual(),12,1960
MessageDigest.isEqual(),12,2014
MessageDigest.isEqual(),12,2044
MessageDigest.isEqual(),12,2001
MessageDigest.isEqual(),12,1966
MessageDigest.isEqual(),12,2015
MessageDigest.isEqual(),12,1979
MessageDigest.isEqual(),12,2006
MessageDigest.isEqual(),12,1997
MessageDigest.isEqual(),12,2014
MessageDigest.isEqual(),12,2027
MessageDigest.isEqual(),12,1971
MessageDigest.isEqual(),12,2028
MessageDigest.isEqual(),12,1989
MessageDigest.isEqual(),12,2033
MessageDigest.isEqual(),12,1994
MessageDigest.isEqual(),12,1993
MessageDigest.isEqual(),12,2023
MessageDigest.isEqual(),12,2030
MessageDigest.isEqual(),12,1935
MessageDigest.isEqual(),12,1975
MessageDigest.isEqual(),12,2074
MessageDigest.isEqual(),12,2043
MessageDigest.isEqual(),12,1986
MessageDigest.isEqual(),12,2027
MessageDigest.isEqual(),12,1972
MessageDigest.isEqual(),12,2047
MessageDigest.isEqual(),12,2012
MessageDigest.isEqual(),12,2013
MessageDigest.isEqual(),12,2005
MessageDigest.isEqual(),12,1971
MessageDigest.isEqual(),12,1976
MessageDigest.isEqual(),12,1980
MessageDigest.isEqual(),12,2028
MessageDigest.isEqual(),12,1988
MessageDigest.isEqual(),12,1986
MessageDigest.isEqual(),12,2031
MessageDigest.isEqual(),12,2067
MessageDigest.isEqual(),12,2031
MessageDigest.isEqual(),12,1983
MessageDigest.isEqual(),12,1989
MessageDigest.isEqual(),12,2010
MessageDigest.isEqual(),12,2073
MessageDigest.isEqual(),12,1952
MessageDigest.isEqual(),12,2003
MessageDigest.isEqual(),12,2042
MessageDigest.isEqual(),12,2043
MessageDigest.isEqual(),12,2021
MessageDigest.isEqual(),12,1957
MessageDigest.isEqual(),12,1965
MessageDigest.isEqual(),12,1981
MessageDigest.isEqual(),12,1996
MessageDigest.isEqual(),12,2036
MessageDigest.isEqual(),12,2053
MessageDigest.isEqual(),12,1940
MessageDigest.isEqual(),12,2046
MessageDigest.isEqual(),12,2038
MessageDigest.isEqual(),12,2008
MessageDigest.isEqual(),12,2018
MessageDigest.isEqual(),12,1984
MessageDigest.isEqual(),12,2001
MessageDigest.isEqual(),12,1996
MessageDigest.isEqual(),12,2002
MessageDigest.isEqual(),12,1982
MessageDigest.isEqual(),12,1957
MessageDigest.isEqual(),12,1987
MessageDigest.isEqual(),12,2037
MessageDigest.isEqual(),12,2012
MessageDigest.isEqual(),12,2017
MessageDigest.isEqual(),12,1990
MessageDigest.isEqual(),12,2011
MessageDigest.isEqual(),12,2010
MessageDigest.isEqual(),12,2007
MessageDigest.isEqual(),12,2058
MessageDigest.isEqual(),12,1948
MessageDigest.isEqual(),12,1961
MessageDigest.isEqual(),13,2011
MessageDigest.isEqual(),13,1996
MessageDigest.isEqual(),13,2010
MessageDigest.isEqual(),13,1949
MessageDigest.isEqual(),13,1978
MessageDigest.isEqual(),13,2011
MessageDigest.isEqual(),13,2048
MessageDigest.isEqual(),13,1999
MessageDigest.isEqual(),13,2048
MessageDigest.isEqual(),13,1989
MessageDigest.isEqual(),13,1939
MessageDigest.isEqual(),13,1944
MessageDigest.isEqual(),13,2037
MessageDigest.isEqual(),13,1947
MessageDigest.isEqual(),13,2023
MessageDigest.isEqual(),13,1992
MessageDigest.isEqual(),13,2019
MessageDigest.isEqual(),13,2011
MessageDigest.isEqual(),13,2016
MessageDigest.isEqual(),13,2047
MessageDigest.isEqual(),13,2047
MessageDigest.isEqual(),13,1994
MessageDigest.isEqual(),13,1971
MessageDigest.isEqual(),13,2020
MessageDigest.isEqual(),13,1999
MessageDigest.isEqual(),13,2015
MessageDigest.isEqual(),13,2015
MessageDigest.isEqual(),13,1972
MessageDigest.isEqual(),13,1977
MessageDigest.isEqual(),13,1968
MessageDigest.isEqual(),13,2009
MessageDigest.isEqual(),13,2024
MessageDigest.isEqual(),13,2013
MessageDigest.isEqual(),13,1989
MessageDigest.isEqual(),13,1963
MessageDigest.isEqual(),13,2000
MessageDigest.isEqual(),13,2002
MessageDigest.isEqual(),13,2021
MessageDigest.isEqual(),13,2004
MessageDigest.isEqual(),13,1977
MessageDigest.isEqual(),13,2056
MessageDigest.isEqual(),13,1967
MessageDigest.isEqual(),13,1993
MessageDigest.isEqual(),13,1988
MessageDigest.isEqual(),13,2014
MessageDigest.isEqual(),13,1957
MessageDigest.isEqual(),13,1927
MessageDigest.isEqual(),13,2032
MessageDigest.isEqual(),13,2024
MessageDigest.isEqual(),13,2033
MessageDigest.isEqual(),13,1981
MessageDigest.isEqual(),13,1976
MessageDigest.isEqual(),13,1930
MessageDigest.isEqual(),13,2005
MessageDigest.isEqual(),13,2021
MessageDigest.isEqual(),13,1984
MessageDigest.isEqual(),13,2024
MessageDigest.isEqual(),13,2035
MessageDigest.isEqual(),13,1975
MessageDigest.isEqual(),13,1994
MessageDigest.isEqual(),13,2015
MessageDigest.isEqual(),13,1983
MessageDigest.isEqual(),13,1973
MessageDigest.isEqual(),13,1983
MessageDigest.isEqual(),13,2013
MessageDigest.isEqual(),13,1994
MessageDigest.isEqual(),13,1967
MessageDigest.isEqual(),13,1998
MessageDigest.isEqual(),13,2008
MessageDigest.isEqual(),13,1969
MessageDigest.isEqual(),13,1954
MessageDigest.isEqual(),13,2013
MessageDigest.isEqual(),13,2043
MessageDigest.isEqual(),13,2003
MessageDigest.isEqual(),13,1937
MessageDigest.isEqual(),13,1987
MessageDigest.isEqual(),13,1961
MessageDigest.isEqual(),13,2013
MessageDigest.isEqual(),13,1952
MessageDigest.isEqual(),13,2026
MessageDigest.isEqual(),13,2009
MessageDigest.isEqual(),13,1988
MessageDigest.isEqual(),13,2030
MessageDigest.isEqual(),13,2013
MessageDigest.isEqual(),13,2080
MessageDigest.isEqual(),13,2020
MessageDigest.isEqual(),13,1993
MessageDigest.isEqual(),13,1972
MessageDigest.isEqual(),13,1980
MessageDigest.isEqual(),13,1997
MessageDigest.isEqual(),13,1973
MessageDigest.isEqual(),13,1983
MessageDigest.isEqual(),13,2007
MessageDigest.isEqual(),13,2022
MessageDigest.isEqual(),13,1972
MessageDigest.isEqual(),13,2035
MessageDigest.isEqual(),13,1983
MessageDigest.isEqual(),13,1996
MessageDigest.isEqual(),13,2040
MessageDigest.isEqual(),13,1984
MessageDigest.isEqual(),14,2035
MessageDigest.isEqual(),14,1962
MessageDigest.isEqual(),14,1984
MessageDigest.isEqual(),14,1985
MessageDigest.isEqual(),14,1959
MessageDigest.isEqual(),14,1970
MessageDigest.isEqual(),14,2006
MessageDigest.isEqual(),14,1979
MessageDigest.isEqual(),14,2011
MessageDigest.isEqual(),14,2013
MessageDigest.isEqual(),14,2031
MessageDigest.isEqual(),14,1997
MessageDigest.isEqual(),14,2028
MessageDigest.isEqual(),14,1983
MessageDigest.isEqual(),14,2034
MessageDigest.isEqual(),14,1967
MessageDigest.isEqual(),14,1956
MessageDigest.isEqual(),14,2020
MessageDigest.isEqual(),14,1954
MessageDigest.isEqual(),14,1961
MessageDigest.isEqual(),14,2033
MessageDigest.isEqual(),14,1991
MessageDigest.isEqual(),14,1973
MessageDigest.isEqual(),14,2010
MessageDigest.isEqual(),14,1973
MessageDigest.isEqual(),14,1978
MessageDigest.isEqual(),14,2036
MessageDigest.isEqual(),14,2000
MessageDigest.isEqual(),14,2000
MessageDigest.isEqual(),14,2020
MessageDigest.isEqual(),14,2018
MessageDigest.isEqual(),14,2006
MessageDigest.isEqual(),14,2002
MessageDigest.isEqual(),14,1956
MessageDigest.isEqual(),14,2007
MessageDigest.isEqual(),14,2036
MessageDigest.isEqual(),14,2031
MessageDigest.isEqual(),14,2014
MessageDigest.isEqual(),14,1962
MessageDigest.isEqual(),14,1991
MessageDigest.isEqual(),14,2055
MessageDigest.isEqual(),14,2002
MessageDigest.isEqual(),14,1951
MessageDigest.isEqual(),14,2062
MessageDigest.isEqual(),14,1969
MessageDigest.isEqual(),14,2047
MessageDigest.isEqual(),14,2064
MessageDigest.isEqual(),14,2029
MessageDigest.isEqual(),14,1934
MessageDigest.isEqual(),14,1950
MessageDigest.isEqual(),14,1998
MessageDigest.isEqual(),14,2038
MessageDigest.isEqual(),14,1947
MessageDigest.isEqual(),14,2002
MessageDigest.isEqual(),14,1969
MessageDigest.isEqual(),14,1957
MessageDigest.isEqual(),14,2024
MessageDigest.isEqual(),14,2003
MessageDigest.isEqual(),14,2043
MessageDigest.isEqual(),14,2036
MessageDigest.isEqual(),14,2024
MessageDigest.isEqual(),14,2023
MessageDigest.isEqual(),14,2021
MessageDigest.isEqual(),14,1990
MessageDigest.isEqual(),14,2016
MessageDigest.isEqual(),14,2014
MessageDigest.isEqual(),14,1988
MessageDigest.isEqual(),14,2024
MessageDigest.isEqual(),14,1992
MessageDigest.isEqual(),14,1996
MessageDigest.isEqual(),14,1956
MessageDigest.isEqual(),14,1968
MessageDigest.isEqual(),14,2013
MessageDigest.isEqual(),14,1988
MessageDigest.isEqual(),14,1988
MessageDigest.isEqual(),14,2026
MessageDigest.isEqual(),14,1975
MessageDigest.isEqual(),14,2009
MessageDigest.isEqual(),14,2024
MessageDigest.isEqual(),14,2075
MessageDigest.isEqual(),14,1997
MessageDigest.isEqual(),14,1959
MessageDigest.isEqual(),14,2015
MessageDigest.isEqual(),14,1992
MessageDigest.isEqual(),14,2006
MessageDigest.isEqual(),14,2030
MessageDigest.isEqual(),14,2086
MessageDigest.isEqual(),14,2048
MessageDigest.isEqual(),14,2054
MessageDigest.isEqual(),14,2004
MessageDigest.isEqual(),14,2019
MessageDigest.isEqual(),14,1996
MessageDigest.isEqual(),14,2016
MessageDigest.isEqual(),14,1965
MessageDigest.isEqual(),14,1998
MessageDigest.isEqual(),14,2013
MessageDigest.isEqual(),14,1973
MessageDigest.isEqual(),14,2009
MessageDigest.isEqual(),14,1997
MessageDigest.isEqual(),14,1985
MessageDigest.isEqual(),15,1965
MessageDigest.isEqual(),15,2004
MessageDigest.isEqual(),15,1978
MessageDigest.isEqual(),15,2014
MessageDigest.isEqual(),15,2010
MessageDigest.isEqual(),15,1949
MessageDigest.isEqual(),15,2009
MessageDigest.isEqual(),15,1996
MessageDigest.isEqual(),15,1938
MessageDigest.isEqual(),15,2007
MessageDigest.isEqual(),15,2060
MessageDigest.isEqual(),15,1975
MessageDigest.isEqual(),15,1992
MessageDigest.isEqual(),15,2013
MessageDigest.isEqual(),15,1997
MessageDigest.isEqual(),15,2004
MessageDigest.isEqual(),15,2003
MessageDigest.isEqual(),15,2027
MessageDigest.isEqual(),15,1949
MessageDigest.isEqual(),15,2023
MessageDigest.isEqual(),15,2034
MessageDigest.isEqual(),15,2007
MessageDigest.isEqual(),15,2022
MessageDigest.isEqual(),15,1996
MessageDigest.isEqual(),15,1968
MessageDigest.isEqual(),15,2004
MessageDigest.isEqual(),15,2063
MessageDigest.isEqual(),15,2050
MessageDigest.isEqual(),15,1986
MessageDigest.isEqual(),15,2056
MessageDigest.isEqual(),15,1978
MessageDigest.isEqual(),15,1994
MessageDigest.isEqual(),15,1983
MessageDigest.isEqual(),15,2076
MessageDigest.isEqual(),15,2050
MessageDigest.isEqual(),15,1980
MessageDigest.isEqual(),15,1983
MessageDigest.isEqual(),15,2013
MessageDigest.isEqual(),15,1965
MessageDigest.isEqual(),15,1950
MessageDigest.isEqual(),15,2010
MessageDigest.isEqual(),15,1951
MessageDigest.isEqual(),15,2049
MessageDigest.isEqual(),15,2042
MessageDigest.isEqual(),15,1957
MessageDigest.isEqual(),15,2017
MessageDigest.isEqual(),15,1989
MessageDigest.isEqual(),15,1961
MessageDigest.isEqual(),15,2002
MessageDigest.isEqual(),15,2006
MessageDigest.isEqual(),15,1989
MessageDigest.isEqual(),15,1991
MessageDigest.isEqual(),15,2005
MessageDigest.isEqual(),15,1987
MessageDigest.isEqual(),15,2000
MessageDigest.isEqual(),15,1961
MessageDigest.isEqual(),15,2018
MessageDigest.isEqual(),15,2036
MessageDigest.isEqual(),15,2008
MessageDigest.isEqual(),15,2019
MessageDigest.isEqual(),15,1963
MessageDigest.isEqual(),15,2020
MessageDigest.isEqual(),15,1999
MessageDigest.isEqual(),15,2021
MessageDigest.isEqual(),15,1990
MessageDigest.isEqual(),15,2016
MessageDigest.isEqual(),15,1986
MessageDigest.isEqual(),15,1991
MessageDigest.isEqual(),15,2002
MessageDigest.isEqual(),15,1975
MessageDigest.isEqual(),15,1987
MessageDigest.isEqual(),15,2011
MessageDigest.isEqual(),15,2020
MessageDigest.isEqual(),15,2005
MessageDigest.isEqual(),15,1988
MessageDigest.isEqual(),15,2024
MessageDigest.isEqual(),15,2043
MessageDigest.isEqual(),15,2049
MessageDigest.isEqual(),15,2053
MessageDigest.isEqual(),15,1987
MessageDigest.isEqual(),15,2040
MessageDigest.isEqual(),15,2017
MessageDigest.isEqual(),15,1902
MessageDigest.isEqual(),15,2041
MessageDigest.isEqual(),15,2043
MessageDigest.isEqual(),15,1956
MessageDigest.isEqual(),15,2020
MessageDigest.isEqual(),15,2057
MessageDigest.isEqual(),15,2040
MessageDigest.isEqual(),15,2036
MessageDigest.isEqual(),15,1951
MessageDigest.isEqual(),15,1979
MessageDigest.isEqual(),15,1979
MessageDigest.isEqual(),15,2049
MessageDigest.isEqual(),15,2034
MessageDigest.isEqual(),15,1992
MessageDigest.isEqual(),15,1969
MessageDigest.isEqual(),15,2012
MessageDigest.isEqual(),15,2020
MessageDigest.isEqual(),15,2052
MessageDigest.isEqual(),16,1987
MessageDigest.isEqual(),16,2067
MessageDigest.isEqual(),16,1994
MessageDigest.isEqual(),16,2042
MessageDigest.isEqual(),16,1970
MessageDigest.isEqual(),16,2016
MessageDigest.isEqual(),16,1977
MessageDigest.isEqual(),16,2026
MessageDigest.isEqual(),16,1999
MessageDigest.isEqual(),16,1999
MessageDigest.isEqual(),16,1988
MessageDigest.isEqual(),16,1951
MessageDigest.isEqual(),16,1958
MessageDigest.isEqual(),16,1998
MessageDigest.isEqual(),16,1974
MessageDigest.isEqual(),16,1991
MessageDigest.isEqual(),16,2015
MessageDigest.isEqual(),16,1980
MessageDigest.isEqual(),16,2017
MessageDigest.isEqual(),16,1973
MessageDigest.isEqual(),16,1995
MessageDigest.isEqual(),16,2003
MessageDigest.isEqual(),16,2006
MessageDigest.isEqual(),16,1996
MessageDigest.isEqual(),16,2026
MessageDigest.isEqual(),16,1996
MessageDigest.isEqual(),16,2025
MessageDigest.isEqual(),16,2002
MessageDigest.isEqual(),16,1969
MessageDigest.isEqual(),16,2018
MessageDigest.isEqual(),16,1999
MessageDigest.isEqual(),16,2011
MessageDigest.isEqual(),16,2014
MessageDigest.isEqual(),16,2002
MessageDigest.isEqual(),16,1990
MessageDigest.isEqual(),16,2027
MessageDigest.isEqual(),16,1931
MessageDigest.isEqual(),16,2029
MessageDigest.isEqual(),16,2003
MessageDigest.isEqual(),16,2011
MessageDigest.isEqual(),16,2027
MessageDigest.isEqual(),16,2000
MessageDigest.isEqual(),16,1936
MessageDigest.isEqual(),16,2019
MessageDigest.isEqual(),16,1972
MessageDigest.isEqual(),16,2068
MessageDigest.isEqual(),16,2055
MessageDigest.isEqual(),16,2028
MessageDigest.isEqual(),16,2019
MessageDigest.isEqual(),16,1978
MessageDigest.isEqual(),16,2023
MessageDigest.isEqual(),16,2063
MessageDigest.isEqual(),16,2040
MessageDigest.isEqual(),16,1988
MessageDigest.isEqual(),16,2013
MessageDigest.isEqual(),16,1988
MessageDigest.isEqual(),16,2047
MessageDigest.isEqual(),16,1994
MessageDigest.isEqual(),16,2002
MessageDigest.isEqual(),16,2013
MessageDigest.isEqual(),16,1987
MessageDigest.isEqual(),16,1973
MessageDigest.isEqual(),16,1957
MessageDigest.isEqual(),16,1997
MessageDigest.isEqual(),16,2016
MessageDigest.isEqual(),16,2006
MessageDigest.isEqual(),16,1998
MessageDigest.isEqual(),16,1987
MessageDigest.isEqual(),16,2000
MessageDigest.isEqual(),16,2015
MessageDigest.isEqual(),16,1998
MessageDigest.isEqual(),16,2013
MessageDigest.isEqual(),16,1995
MessageDigest.isEqual(),16,1989
MessageDigest.isEqual(),16,2017
MessageDigest.isEqual(),16,2013
MessageDigest.isEqual(),16,1989
MessageDigest.isEqual(),16,1996
MessageDigest.isEqual(),16,2054
MessageDigest.isEqual(),16,1983
MessageDigest.isEqual(),16,1995
MessageDigest.isEqual(),16,1950
MessageDigest.isEqual(),16,1993
MessageDigest.isEqual(),16,1961
MessageDigest.isEqual(),16,2017
MessageDigest.isEqual(),16,1972
MessageDigest.isEqual(),16,1966
MessageDigest.isEqual(),16,1983
MessageDigest.isEqual(),16,2055
MessageDigest.isEqual(),16,1966
MessageDigest.isEqual(),16,1987
MessageDigest.isEqual(),16,2007
MessageDigest.isEqual(),16,1962
MessageDigest.isEqual(),16,1963
MessageDigest.isEqual(),16,1959
MessageDigest.isEqual(),16,2027
MessageDigest.isEqual(),16,1966
MessageDigest.isEqual(),16,2034
MessageDigest.isEqual(),16,2049
MessageDigest.isEqual(),16,2056
MessageDigest.isEqual(),17,2080
MessageDigest.isEqual(),17,2003
MessageDigest.isEqual(),17,1980
MessageDigest.isEqual(),17,1963
MessageDigest.isEqual(),17,2082
MessageDigest.isEqual(),17,2020
MessageDigest.isEqual(),17,2022
MessageDigest.isEqual(),17,1987
MessageDigest.isEqual(),17,2028
MessageDigest.isEqual(),17,1969
MessageDigest.isEqual(),17,1976
MessageDigest.isEqual(),17,1960
MessageDigest.isEqual(),17,1990
MessageDigest.isEqual(),17,1946
MessageDigest.isEqual(),17,1997
MessageDigest.isEqual(),17,2016
MessageDigest.isEqual(),17,2044
MessageDigest.isEqual(),17,2002
MessageDigest.isEqual(),17,2014
MessageDigest.isEqual(),17,2007
MessageDigest.isEqual(),17,1945
MessageDigest.isEqual(),17,2049
MessageDigest.isEqual(),17,2004
MessageDigest.isEqual(),17,1994
MessageDigest.isEqual(),17,2053
MessageDigest.isEqual(),17,2014
MessageDigest.isEqual(),17,1978
MessageDigest.isEqual(),17,1966
MessageDigest.isEqual(),17,2006
MessageDigest.isEqual(),17,1997
MessageDigest.isEqual(),17,1995
MessageDigest.isEqual(),17,2036
MessageDigest.isEqual(),17,1979
MessageDigest.isEqual(),17,1972
MessageDigest.isEqual(),17,2000
MessageDigest.isEqual(),17,2007
MessageDigest.isEqual(),17,2058
MessageDigest.isEqual(),17,1998
MessageDigest.isEqual(),17,1991
MessageDigest.isEqual(),17,1963
MessageDigest.isEqual(),17,1984
MessageDigest.isEqual(),17,1992
MessageDigest.isEqual(),17,1977
MessageDigest.isEqual(),17,1969
MessageDigest.isEqual(),17,1944
MessageDigest.isEqual(),17,2016
MessageDigest.isEqual(),17,2019
MessageDigest.isEqual(),17,1975
MessageDigest.isEqual(),17,1991
MessageDigest.isEqual(),17,2028
MessageDigest.isEqual(),17,1923
MessageDigest.isEqual(),17,2009
MessageDigest.isEqual(),17,1998
MessageDigest.isEqual(),17,2053
MessageDigest.isEqual(),17,2032
MessageDigest.isEqual(),17,2003
MessageDigest.isEqual(),17,1985
MessageDigest.isEqual(),17,1978
MessageDigest.isEqual(),17,1986
MessageDigest.isEqual(),17,2014
MessageDigest.isEqual(),17,2049
MessageDigest.isEqual(),17,1974
MessageDigest.isEqual(),17,1990
MessageDigest.isEqual(),17,2008
MessageDigest.isEqual(),17,2042
MessageDigest.isEqual(),17,2027
MessageDigest.isEqual(),17,2016
MessageDigest.isEqual(),17,1993
MessageDigest.isEqual(),17,1994
MessageDigest.isEqual(),17,1966
MessageDigest.isEqual(),17,1957
MessageDigest.isEqual(),17,2013
MessageDigest.isEqual(),17,2045
MessageDigest.isEqual(),17,2015
MessageDigest.isEqual(),17,2025
MessageDigest.isEqual(),17,1933
MessageDigest.isEqual(),17,2022
MessageDigest.isEqual(),17,1939
MessageDigest.isEqual(),17,2061
MessageDigest.isEqual(),17,2005
MessageDigest.isEqual(),17,1975
MessageDigest.isEqual(),17,2024
MessageDigest.isEqual(),17,1974
MessageDigest.isEqual(),17,1999
MessageDigest.isEqual(),17,1985
MessageDigest.isEqual(),17,2032
MessageDigest.isEqual(),17,2038
MessageDigest.isEqual(),17,1979
MessageDigest.isEqual(),17,1988
MessageDigest.isEqual(),17,2007
MessageDigest.isEqual(),17,2016
MessageDigest.isEqual(),17,1985
MessageDigest.isEqual(),17,1991
MessageDigest.isEqual(),17,1992
MessageDigest.isEqual(),17,1973
MessageDigest.isEqual(),17,2043
MessageDigest.isEqual(),17,1992
MessageDigest.isEqual(),17,1947
MessageDigest.isEqual(),17,2019
MessageDigest.isEqual(),17,1996
MessageDigest.isEqual(),18,1982
MessageDigest.isEqual(),18,2025
MessageDigest.isEqual(),18,1949
MessageDigest.isEqual(),18,2000
MessageDigest.isEqual(),18,1999
MessageDigest.isEqual(),18,1952
MessageDigest.isEqual(),18,2029
MessageDigest.isEqual(),18,2006
MessageDigest.isEqual(),18,1951
MessageDigest.isEqual(),18,1987
MessageDigest.isEqual(),18,2040
MessageDigest.isEqual(),18,2036
MessageDigest.isEqual(),18,1981
MessageDigest.isEqual(),18,2017
MessageDigest.isEqual(),18,2018
MessageDigest.isEqual(),18,2025
MessageDigest.isEqual(),18,2018
MessageDigest.isEqual(),18,2021
MessageDigest.isEqual(),18,1989
MessageDigest.isEqual(),18,2018
MessageDigest.isEqual(),18,2035
MessageDigest.isEqual(),18,2017
MessageDigest.isEqual(),18,2020
MessageDigest.isEqual(),18,2020
MessageDigest.isEqual(),18,1954
MessageDigest.isEqual(),18,2027
MessageDigest.isEqual(),18,2001
MessageDigest.isEqual(),18,1978
MessageDigest.isEqual(),18,2016
MessageDigest.isEqual(),18,2026
MessageDigest.isEqual(),18,1960
MessageDigest.isEqual(),18,1983
MessageDigest.isEqual(),18,2043
MessageDigest.isEqual(),18,1920
MessageDigest.isEqual(),18,1988
MessageDigest.isEqual(),18,2035
MessageDigest.isEqual(),18,1947
MessageDigest.isEqual(),18,1989
MessageDigest.isEqual(),18,2035
MessageDigest.isEqual(),18,1975
MessageDigest.isEqual(),18,2009
MessageDigest.isEqual(),18,2015
MessageDigest.isEqual(),18,2073
MessageDigest.isEqual(),18,1932
MessageDigest.isEqual(),18,2025
MessageDigest.isEqual(),18,1999
MessageDigest.isEqual(),18,2023
MessageDigest.isEqual(),18,1944
MessageDigest.isEqual(),18,2008
MessageDigest.isEqual(),18,1987
MessageDigest.isEqual(),18,2010
MessageDigest.isEqual(),18,2000
MessageDigest.isEqual(),18,1933
MessageDigest.isEqual(),18,1974
MessageDigest.isEqual(),18,2004
MessageDigest.isEqual(),18,2003
MessageDigest.isEqual(),18,2015
MessageDigest.isEqual(),18,2004
MessageDigest.isEqual(),18,2028
MessageDigest.isEqual(),18,2009
MessageDigest.isEqual(),18,1994
MessageDigest.isEqual(),18,1991
MessageDigest.isEqual(),18,2025
MessageDigest.isEqual(),18,2007
MessageDigest.isEqual(),18,2022
MessageDigest.isEqual(),18,1987
MessageDigest.isEqual(),18,2014
MessageDigest.isEqual(),18,2055
MessageDigest.isEqual(),18,2026
MessageDigest.isEqual(),18,1977
MessageDigest.isEqual(),18,1998
MessageDigest.isEqual(),18,2011
MessageDigest.isEqual(),18,2067
MessageDigest.isEqual(),18,1937
MessageDigest.isEqual(),18,1965
MessageDigest.isEqual(),18,1990
MessageDigest.isEqual(),18,1992
MessageDigest.isEqual(),18,1979
MessageDigest.isEqual(),18,2039
MessageDigest.isEqual(),18,2008
MessageDigest.isEqual(),18,2011
MessageDigest.isEqual(),18,2024
MessageDigest.isEqual(),18,2101
MessageDigest.isEqual(),18,2049
MessageDigest.isEqual(),18,1985
MessageDigest.isEqual(),18,1981
MessageDigest.isEqual(),18,2067
MessageDigest.isEqual(),18,1968
MessageDigest.isEqual(),18,2013
MessageDigest.isEqual(),18,2004
MessageDigest.isEqual(),18,2004
MessageDigest.isEqual(),18,1967
MessageDigest.isEqual(),18,1998
MessageDigest.isEqual(),18,1975
MessageDigest.isEqual(),18,2028
MessageDigest.isEqual(),18,1984
MessageDigest.isEqual(),18,2023
MessageDigest.isEqual(),18,1971
MessageDigest.isEqual(),18,2002
MessageDigest.isEqual(),18,2009
MessageDigest.isEqual(),19,2000
MessageDigest.isEqual(),19,2011
MessageDigest.isEqual(),19,1995
MessageDigest.isEqual(),19,2027
MessageDigest.isEqual(),19,2016
MessageDigest.isEqual(),19,1975
MessageDigest.isEqual(),19,1999
MessageDigest.isEqual(),19,1957
MessageDigest.isEqual(),19,2017
MessageDigest.isEqual(),19,2005
MessageDigest.isEqual(),19,1922
MessageDigest.isEqual(),19,2013
MessageDigest.isEqual(),19,1973
MessageDigest.isEqual(),19,2057
MessageDigest.isEqual(),19,1936
MessageDigest.isEqual(),19,2044
MessageDigest.isEqual(),19,2007
MessageDigest.isEqual(),19,1961
MessageDigest.isEqual(),19,2007
MessageDigest.isEqual(),19,1977
MessageDigest.isEqual(),19,2013
MessageDigest.isEqual(),19,1956
MessageDigest.isEqual(),19,1966
MessageDigest.isEqual(),19,2037
MessageDigest.isEqual(),19,1977
MessageDigest.isEqual(),19,1995
MessageDigest.isEqual(),19,2027
MessageDigest.isEqual(),19,2022
MessageDigest.isEqual(),19,1942
MessageDigest.isEqual(),19,2049
MessageDigest.isEqual(),19,1990
MessageDigest.isEqual(),19,2036
MessageDigest.isEqual(),19,1999
MessageDigest.isEqual(),19,1986
MessageDigest.isEqual(),19,2028
MessageDigest.isEqual(),19,1931
MessageDigest.isEqual(),19,2064
MessageDigest.isEqual(),19,2008
MessageDigest.isEqual(),19,2029
MessageDigest.isEqual(),19,1995
MessageDigest.isEqual(),19,2025
MessageDigest.isEqual(),19,1998
MessageDigest.isEqual(),19,1976
MessageDigest.isEqual(),19,1988
MessageDigest.isEqual(),19,2010
MessageDigest.isEqual(),19,1974
MessageDigest.isEqual(),19,1972
MessageDigest.isEqual(),19,1976
MessageDigest.isEqual(),19,2006
MessageDigest.isEqual(),19,1991
MessageDigest.isEqual(),19,2035
MessageDigest.isEqual(),19,2003
MessageDigest.isEqual(),19,1964
MessageDigest.isEqual(),19,2016
MessageDigest.isEqual(),19,1993
MessageDigest.isEqual(),19,1945
MessageDigest.isEqual(),19,2049
MessageDigest.isEqual(),19,2011
MessageDigest.isEqual(),19,1940
MessageDigest.isEqual(),19,2002
MessageDigest.isEqual(),19,1976
MessageDigest.isEqual(),19,2020
MessageDigest.isEqual(),19,2011
MessageDigest.isEqual(),19,2001
MessageDigest.isEqual(),19,1986
MessageDigest.isEqual(),19,1995
MessageDigest.isEqual(),19,1978
MessageDigest.isEqual(),19,2041
MessageDigest.isEqual(),19,2026
MessageDigest.isEqual(),19,2071
MessageDigest.isEqual(),19,1978
MessageDigest.isEqual(),19,2008
MessageDigest.isEqual(),19,2015
MessageDigest.isEqual(),19,1982
MessageDigest.isEqual(),19,1985
MessageDigest.isEqual(),19,2013
MessageDigest.isEqual(),19,1949
MessageDigest.isEqual(),19,2043
MessageDigest.isEqual(),19,1977
MessageDigest.isEqual(),19,2009
MessageDigest.isEqual(),19,2011
MessageDigest.isEqual(),19,2008
MessageDigest.isEqual(),19,1970
MessageDigest.isEqual(),19,1962
MessageDigest.isEqual(),19,1996
MessageDigest.isEqual(),19,2018
MessageDigest.isEqual(),19,2016
MessageDigest.isEqual(),19,2066
MessageDigest.isEqual(),19,1984
MessageDigest.isEqual(),19,1981
MessageDigest.isEqual(),19,1995
MessageDigest.isEqual(),19,2026
MessageDigest.isEqual(),19,1978
MessageDigest.isEqual(),19,1981
MessageDigest.isEqual(),19,2030
MessageDigest.isEqual(),19,2021
MessageDigest.isEqual(),19,1992
MessageDigest.isEqual(),19,2009
MessageDigest.isEqual(),19,1947
MessageDigest.isEqual(),19,1973
MessageDigest.isEqual(),20,1999
MessageDigest.isEqual(),20,1985
MessageDigest.isEqual(),20,2037
MessageDigest.isEqual(),20,1999
MessageDigest.isEqual(),20,1979
MessageDigest.isEqual(),20,1971
MessageDigest.isEqual(),20,1982
MessageDigest.isEqual(),20,2024
MessageDigest.isEqual(),20,2029
MessageDigest.isEqual(),20,2029
MessageDigest.isEqual(),20,1979
MessageDigest.isEqual(),20,2022
MessageDigest.isEqual(),20,2015
MessageDigest.isEqual(),20,1995
MessageDigest.isEqual(),20,2024
MessageDigest.isEqual(),20,2028
MessageDigest.isEqual(),20,1987
MessageDigest.isEqual(),20,2020
MessageDigest.isEqual(),20,1985
MessageDigest.isEqual(),20,2022
MessageDigest.isEqual(),20,1993
MessageDigest.isEqual(),20,1960
MessageDigest.isEqual(),20,2022
MessageDigest.isEqual(),20,2025
MessageDigest.isEqual(),20,2015
MessageDigest.isEqual(),20,2097
MessageDigest.isEqual(),20,1971
MessageDigest.isEqual(),20,2012
MessageDigest.isEqual(),20,2048
MessageDigest.isEqual(),20,2051
MessageDigest.isEqual(),20,1980
MessageDigest.isEqual(),20,1975
MessageDigest.isEqual(),20,2033
MessageDigest.isEqual(),20,2060
MessageDigest.isEqual(),20,2043
MessageDigest.isEqual(),20,2039
MessageDigest.isEqual(),20,2031
MessageDigest.isEqual(),20,1991
MessageDigest.isEqual(),20,2007
MessageDigest.isEqual(),20,2010
MessageDigest.isEqual(),20,2037
MessageDigest.isEqual(),20,2005
MessageDigest.isEqual(),20,2006
MessageDigest.isEqual(),20,2008
MessageDigest.isEqual(),20,1989
MessageDigest.isEqual(),20,2013
MessageDigest.isEqual(),20,1989
MessageDigest.isEqual(),20,1956
MessageDigest.isEqual(),20,2037
MessageDigest.isEqual(),20,1998
MessageDigest.isEqual(),20,1988
MessageDigest.isEqual(),20,1984
MessageDigest.isEqual(),20,1998
MessageDigest.isEqual(),20,2031
MessageDigest.isEqual(),20,1997
MessageDigest.isEqual(),20,2002
MessageDigest.isEqual(),20,2010
MessageDigest.isEqual(),20,2046
MessageDigest.isEqual(),20,1946
MessageDigest.isEqual(),20,1946
MessageDigest.isEqual(),20,2016
MessageDigest.isEqual(),20,1986
MessageDigest.isEqual(),20,2043
MessageDigest.isEqual(),20,2000
MessageDigest.isEqual(),20,2015
MessageDigest.isEqual(),20,1956
MessageDigest.isEqual(),20,2022
MessageDigest.isEqual(),20,2006
MessageDigest.isEqual(),20,1986
MessageDigest.isEqual(),20,1982
MessageDigest.isEqual(),20,1993
MessageDigest.isEqual(),20,1998
MessageDigest.isEqual(),20,1981
MessageDigest.isEqual(),20,1953
MessageDigest.isEqual(),20,1941
MessageDigest.isEqual(),20,2030
MessageDigest.isEqual(),20,2094
MessageDigest.isEqual(),20,1955
MessageDigest.isEqual(),20,2007
MessageDigest.isEqual(),20,1985
MessageDigest.isEqual(),20,2008
MessageDigest.isEqual(),20,2027
MessageDigest.isEqual(),20,1996
MessageDigest.isEqual(),20,1971
MessageDigest.isEqual(),20,1958
MessageDigest.isEqual(),20,2017
MessageDigest.isEqual(),20,2021
MessageDigest.isEqual(),20,2010
MessageDigest.isEqual(),20,1967
MessageDigest.isEqual(),20,2004
MessageDigest.isEqual(),20,2032
MessageDigest.isEqual(),20,2035
MessageDigest.isEqual(),20,2017
MessageDigest.isEqual(),20,1955
MessageDigest.isEqual(),20,2017
MessageDigest.isEqual(),20,1991
MessageDigest.isEqual(),20,1953
MessageDigest.isEqual(),20,2062
MessageDigest.isEqual(),20,1993
MessageDigest.isEqual(),20,1987
MessageDigest.isEqual(),21,1954
MessageDigest.isEqual(),21,2033
MessageDigest.isEqual(),21,2003
MessageDigest.isEqual(),21,2005
MessageDigest.isEqual(),21,2064
MessageDigest.isEqual(),21,1986
MessageDigest.isEqual(),21,1990
MessageDigest.isEqual(),21,1996
MessageDigest.isEqual(),21,1925
MessageDigest.isEqual(),21,1946
MessageDigest.isEqual(),21,1980
MessageDigest.isEqual(),21,2048
MessageDigest.isEqual(),21,1947
MessageDigest.isEqual(),21,1954
MessageDigest.isEqual(),21,1994
MessageDigest.isEqual(),21,1966
MessageDigest.isEqual(),21,1963
MessageDigest.isEqual(),21,1969
MessageDigest.isEqual(),21,2006
MessageDigest.isEqual(),21,2021
MessageDigest.isEqual(),21,1967
MessageDigest.isEqual(),21,1985
MessageDigest.isEqual(),21,1986
MessageDigest.isEqual(),21,1960
MessageDigest.isEqual(),21,2042
MessageDigest.isEqual(),21,2017
MessageDigest.isEqual(),21,2035
MessageDigest.isEqual(),21,2031
MessageDigest.isEqual(),21,1994
MessageDigest.isEqual(),21,1998
MessageDigest.isEqual(),21,1966
MessageDigest.isEqual(),21,1993
MessageDigest.isEqual(),21,1982
MessageDigest.isEqual(),21,1998
MessageDigest.isEqual(),21,1962
MessageDigest.isEqual(),21,1990
MessageDigest.isEqual(),21,2034
MessageDigest.isEqual(),21,1980
MessageDigest.isEqual(),21,2018
MessageDigest.isEqual(),21,1982
MessageDigest.isEqual(),21,2033
MessageDigest.isEqual(),21,2019
MessageDigest.isEqual(),21,1980
MessageDigest.isEqual(),21,2000
MessageDigest.isEqual(),21,2000
MessageDigest.isEqual(),21,1991
MessageDigest.isEqual(),21,1948
MessageDigest.isEqual(),21,1998
MessageDigest.isEqual(),21,2018
MessageDigest.isEqual(),21,1987
MessageDigest.isEqual(),21,1986
MessageDigest.isEqual(),21,1955
MessageDigest.isEqual(),21,2046
MessageDigest.isEqual(),21,1958
MessageDigest.isEqual(),21,1980
MessageDigest.isEqual(),21,1958
MessageDigest.isEqual(),21,2022
MessageDigest.isEqual(),21,1977
MessageDigest.isEqual(),21,2013
MessageDigest.isEqual(),21,2034
MessageDigest.isEqual(),21,2002
MessageDigest.isEqual(),21,2019
MessageDigest.isEqual(),21,2012
MessageDigest.isEqual(),21,2031
MessageDigest.isEqual(),21,1988
MessageDigest.isEqual(),21,1993
MessageDigest.isEqual(),21,2002
MessageDigest.isEqual(),21,1984
MessageDigest.isEqual(),21,2035
MessageDigest.isEqual(),21,1987
MessageDigest.isEqual(),21,1974
MessageDigest.isEqual(),21,2020
MessageDigest.isEqual(),21,1998
MessageDigest.isEqual(),21,2009
MessageDigest.isEqual(),21,2018
MessageDigest.isEqual(),21,2002
MessageDigest.isEqual(),21,1988
MessageDigest.isEqual(),21,1973
MessageDigest.isEqual(),21,1992
MessageDigest.isEqual(),21,1908
MessageDigest.isEqual(),21,1940
MessageDigest.isEqual(),21,1989
MessageDigest.isEqual(),21,2017
MessageDigest.isEqual(),21,2018
MessageDigest.isEqual(),21,2013
MessageDigest.isEqual(),21,2008
MessageDigest.isEqual(),21,2045
MessageDigest.isEqual(),21,1993
MessageDigest.isEqual(),21,2026
MessageDigest.isEqual(),21,1988
MessageDigest.isEqual(),21,2020
MessageDigest.isEqual(),21,1976
MessageDigest.isEqual(),21,2044
MessageDigest.isEqual(),21,2025
MessageDigest.isEqual(),21,2010
MessageDigest.isEqual(),21,2008
MessageDigest.isEqual(),21,2011
MessageDigest.isEqual(),21,2044
MessageDigest.isEqual(),21,2010
MessageDigest.isEqual(),21,1948
MessageDigest.isEqual(),22,2049
MessageDigest.isEqual(),22,1943
MessageDigest.isEqual(),22,1965
MessageDigest.isEqual(),22,1957
MessageDigest.isEqual(),22,2010
MessageDigest.isEqual(),22,2029
MessageDigest.isEqual(),22,2095
MessageDigest.isEqual(),22,1986
MessageDigest.isEqual(),22,1983
MessageDigest.isEqual(),22,2010
MessageDigest.isEqual(),22,2027
MessageDigest.isEqual(),22,2021
MessageDigest.isEqual(),22,1995
MessageDigest.isEqual(),22,2026
MessageDigest.isEqual(),22,2001
MessageDigest.isEqual(),22,2020
MessageDigest.isEqual(),22,2001
MessageDigest.isEqual(),22,2019
MessageDigest.isEqual(),22,1994
MessageDigest.isEqual(),22,1981
MessageDigest.isEqual(),22,2037
MessageDigest.isEqual(),22,2033
MessageDigest.isEqual(),22,2009
MessageDigest.isEqual(),22,1957
MessageDigest.isEqual(),22,2011
MessageDigest.isEqual(),22,2003
MessageDigest.isEqual(),22,1960
MessageDigest.isEqual(),22,1993
MessageDigest.isEqual(),22,1960
MessageDigest.isEqual(),22,1962
MessageDigest.isEqual(),22,2033
MessageDigest.isEqual(),22,1992
MessageDigest.isEqual(),22,1959
MessageDigest.isEqual(),22,1974
MessageDigest.isEqual(),22,1994
MessageDigest.isEqual(),22,1997
MessageDigest.isEqual(),22,1969
MessageDigest.isEqual(),22,2017
MessageDigest.isEqual(),22,2011
MessageDigest.isEqual(),22,2043
MessageDigest.isEqual(),22,1952
MessageDigest.isEqual(),22,2037
MessageDigest.isEqual(),22,2026
MessageDigest.isEqual(),22,2018
MessageDigest.isEqual(),22,1997
MessageDigest.isEqual(),22,2005
MessageDigest.isEqual(),22,2025
MessageDigest.isEqual(),22,2010
MessageDigest.isEqual(),22,1975
MessageDigest.isEqual(),22,1992
MessageDigest.isEqual(),22,1986
MessageDigest.isEqual(),22,1977
MessageDigest.isEqual(),22,1972
MessageDigest.isEqual(),22,1985
MessageDigest.isEqual(),22,2010
MessageDigest.isEqual(),22,2051
MessageDigest.isEqual(),22,1950
MessageDigest.isEqual(),22,2018
MessageDigest.isEqual(),22,1979
MessageDigest.isEqual(),22,1994
MessageDigest.isEqual(),22,2010
MessageDigest.isEqual(),22,1978
MessageDigest.isEqual(),22,2024
MessageDigest.isEqual(),22,1945
MessageDigest.isEqual(),22,1978
MessageDigest.isEqual(),22,2060
MessageDigest.isEqual(),22,1977
MessageDigest.isEqual(),22,2003
MessageDigest.isEqual(),22,1977
MessageDigest.isEqual(),22,2007
MessageDigest.isEqual(),22,2058
MessageDigest.isEqual(),22,2070
MessageDigest.isEqual(),22,2019
MessageDigest.isEqual(),22,1948
MessageDigest.isEqual(),22,1955
MessageDigest.isEqual(),22,1961
MessageDigest.isEqual(),22,2005
MessageDigest.isEqual(),22,2007
MessageDigest.isEqual(),22,2031
MessageDigest.isEqual(),22,2002
MessageDigest.isEqual(),22,1994
MessageDigest.isEqual(),22,1980
MessageDigest.isEqual(),22,2004
MessageDigest.isEqual(),22,2015
MessageDigest.isEqual(),22,2006
MessageDigest.isEqual(),22,1967
MessageDigest.isEqual(),22,1967
MessageDigest.isEqual(),22,2041
MessageDigest.isEqual(),22,2021
MessageDigest.isEqual(),22,1963
MessageDigest.isEqual(),22,1972
MessageDigest.isEqual(),22,1997
MessageDigest.isEqual(),22,1994
MessageDigest.isEqual(),22,2006
MessageDigest.isEqual(),22,1991
MessageDigest.isEqual(),22,1967
MessageDigest.isEqual(),22,2007
MessageDigest.isEqual(),22,1961
MessageDigest.isEqual(),22,2004
MessageDigest.isEqual(),22,2063
MessageDigest.isEqual(),23,2075
MessageDigest.isEqual(),23,1980
MessageDigest.isEqual(),23,1978
MessageDigest.isEqual(),23,1981
MessageDigest.isEqual(),23,1959
MessageDigest.isEqual(),23,2051
MessageDigest.isEqual(),23,1969
MessageDigest.isEqual(),23,2008
MessageDigest.isEqual(),23,1951
MessageDigest.isEqual(),23,1982
MessageDigest.isEqual(),23,1990
MessageDigest.isEqual(),23,2002
MessageDigest.isEqual(),23,2001
MessageDigest.isEqual(),23,2028
MessageDigest.isEqual(),23,1953
MessageDigest.isEqual(),23,1990
MessageDigest.isEqual(),23,1994
MessageDigest.isEqual(),23,1983
MessageDigest.isEqual(),23,1938
MessageDigest.isEqual(),23,2004
MessageDigest.isEqual(),23,1975
MessageDigest.isEqual(),23,2038
MessageDigest.isEqual(),23,2020
MessageDigest.isEqual(),23,2076
MessageDigest.isEqual(),23,1992
MessageDigest.isEqual(),23,2020
MessageDigest.isEqual(),23,1983
MessageDigest.isEqual(),23,2032
MessageDigest.isEqual(),23,2066
MessageDigest.isEqual(),23,2018
MessageDigest.isEqual(),23,1996
MessageDigest.isEqual(),23,2068
MessageDigest.isEqual(),23,2025
MessageDigest.isEqual(),23,2012
MessageDigest.isEqual(),23,1995
MessageDigest.isEqual(),23,2036
MessageDigest.isEqual(),23,1977
MessageDigest.isEqual(),23,1942
MessageDigest.isEqual(),23,1997
MessageDigest.isEqual(),23,2046
MessageDigest.isEqual(),23,2052
MessageDigest.isEqual(),23,2009
MessageDigest.isEqual(),23,2010
MessageDigest.isEqual(),23,1961
MessageDigest.isEqual(),23,1934
MessageDigest.isEqual(),23,2009
MessageDigest.isEqual(),23,1994
MessageDigest.isEqual(),23,1981
MessageDigest.isEqual(),23,1964
MessageDigest.isEqual(),23,2031
MessageDigest.isEqual(),23,1970
MessageDigest.isEqual(),23,2000
MessageDigest.isEqual(),23,2035
MessageDigest.isEqual(),23,1979
MessageDigest.isEqual(),23,1996
MessageDigest.isEqual(),23,2034
MessageDigest.isEqual(),23,1988
MessageDigest.isEqual(),23,2040
MessageDigest.isEqual(),23,1919
MessageDigest.isEqual(),23,2024
MessageDigest.isEqual(),23,1989
MessageDigest.isEqual(),23,2005
MessageDigest.isEqual(),23,2029
MessageDigest.isEqual(),23,2017
MessageDigest.isEqual(),23,2009
MessageDigest.isEqual(),23,2078
MessageDigest.isEqual(),23,1974
MessageDigest.isEqual(),23,2016
MessageDigest.isEqual(),23,2018
MessageDigest.isEqual(),23,1969
MessageDigest.isEqual(),23,2067
MessageDigest.isEqual(),23,2017
MessageDigest.isEqual(),23,1995
MessageDigest.isEqual(),23,2055
MessageDigest.isEqual(),23,2037
MessageDigest.isEqual(),23,2015
MessageDigest.isEqual(),23,1988
MessageDigest.isEqual(),23,2044
MessageDigest.isEqual(),23,2014
MessageDigest.isEqual(),23,2018
MessageDigest.isEqual(),23,1981
MessageDigest.isEqual(),23,1919
MessageDigest.isEqual(),23,1978
MessageDigest.isEqual(),23,1974
MessageDigest.isEqual(),23,1981
MessageDigest.isEqual(),23,2037
MessageDigest.isEqual(),23,2023
MessageDigest.isEqual(),23,1970
MessageDigest.isEqual(),23,1966
MessageDigest.isEqual(),23,2019
MessageDigest.isEqual(),23,1987
MessageDigest.isEqual(),23,1990
MessageDigest.isEqual(),23,1952
MessageDigest.isEqual(),23,2013
MessageDigest.isEqual(),23,2006
MessageDigest.isEqual(),23,1973
MessageDigest.isEqual(),23,2066
MessageDigest.isEqual(),23,2056
MessageDigest.isEqual(),23,1994
MessageDigest.isEqual(),23,2021
MessageDigest.isEqual(),24,1998
MessageDigest.isEqual(),24,2024
MessageDigest.isEqual(),24,2012
MessageDigest.isEqual(),24,1959
MessageDigest.isEqual(),24,1999
MessageDigest.isEqual(),24,2033
MessageDigest.isEqual(),24,2026
MessageDigest.isEqual(),24,2028
MessageDigest.isEqual(),24,2020
MessageDigest.isEqual(),24,2038
MessageDigest.isEqual(),24,1948
MessageDigest.isEqual(),24,1958
MessageDigest.isEqual(),24,1999
MessageDigest.isEqual(),24,1969
MessageDigest.isEqual(),24,1980
MessageDigest.isEqual(),24,1987
MessageDigest.isEqual(),24,1982
MessageDigest.isEqual(),24,2025
MessageDigest.isEqual(),24,1968
MessageDigest.isEqual(),24,2022
MessageDigest.isEqual(),24,1936
MessageDigest.isEqual(),24,1972
MessageDigest.isEqual(),24,2016
MessageDigest.isEqual(),24,1935
MessageDigest.isEqual(),24,2064
MessageDigest.isEqual(),24,1929
MessageDigest.isEqual(),24,2018
MessageDigest.isEqual(),24,2043
MessageDigest.isEqual(),24,1964
MessageDigest.isEqual(),24,1971
MessageDigest.isEqual(),24,2022
MessageDigest.isEqual(),24,1979
MessageDigest.isEqual(),24,1945
MessageDigest.isEqual(),24,2065
MessageDigest.isEqual(),24,1997
MessageDigest.isEqual(),24,1952
MessageDigest.isEqual(),24,2009
MessageDigest.isEqual(),24,2002
MessageDigest.isEqual(),24,1993
MessageDigest.isEqual(),24,2022
MessageDigest.isEqual(),24,1993
MessageDigest.isEqual(),24,1977
MessageDigest.isEqual(),24,2070
MessageDigest.isEqual(),24,1982
MessageDigest.isEqual(),24,2042
MessageDigest.isEqual(),24,2043
MessageDigest.isEqual(),24,1962
MessageDigest.isEqual(),24,1967
MessageDigest.isEqual(),24,2013
MessageDigest.isEqual(),24,2021
MessageDigest.isEqual(),24,2017
MessageDigest.isEqual(),24,1948
MessageDigest.isEqual(),24,2013
MessageDigest.isEqual(),24,2024
MessageDigest.isEqual(),24,1956
MessageDigest.isEqual(),24,2050
MessageDigest.isEqual(),24,2034
MessageDigest.isEqual(),24,1963
MessageDigest.isEqual(),24,1945
MessageDigest.isEqual(),24,1941
MessageDigest.isEqual(),24,2081
MessageDigest.isEqual(),24,2016
MessageDigest.isEqual(),24,2021
MessageDigest.isEqual(),24,1993
MessageDigest.isEqual(),24,2020
MessageDigest.isEqual(),24,1949
MessageDigest.isEqual(),24,1967
MessageDigest.isEqual(),24,2002
MessageDigest.isEqual(),24,1944
MessageDigest.isEqual(),24,2021
MessageDigest.isEqual(),24,2030
MessageDigest.isEqual(),24,2020
MessageDigest.isEqual(),24,1994
MessageDigest.isEqual(),24,2020
MessageDigest.isEqual(),24,2017
MessageDigest.isEqual(),24,2018
MessageDigest.isEqual(),24,2012
MessageDigest.isEqual(),24,1956
MessageDigest.isEqual(),24,1998
MessageDigest.isEqual(),24,1988
MessageDigest.isEqual(),24,2033
MessageDigest.isEqual(),24,2043
MessageDigest.isEqual(),24,2009
MessageDigest.isEqual(),24,2015
MessageDigest.isEqual(),24,2018
MessageDigest.isEqual(),24,1986
MessageDigest.isEqual(),24,2024
MessageDigest.isEqual(),24,1994
MessageDigest.isEqual(),24,1978
MessageDigest.isEqual(),24,1942
MessageDigest.isEqual(),24,1978
MessageDigest.isEqual(),24,2031
MessageDigest.isEqual(),24,2020
MessageDigest.isEqual(),24,1982
MessageDigest.isEqual(),24,2000
MessageDigest.isEqual(),24,1977
MessageDigest.isEqual(),24,2018
MessageDigest.isEqual(),24,1947
MessageDigest.isEqual(),24,2023
MessageDigest.isEqual(),24,1983
MessageDigest.isEqual(),25,2047
MessageDigest.isEqual(),25,2035
MessageDigest.isEqual(),25,1965
MessageDigest.isEqual(),25,1996
MessageDigest.isEqual(),25,1971
MessageDigest.isEqual(),25,2016
MessageDigest.isEqual(),25,2003
MessageDigest.isEqual(),25,1909
MessageDigest.isEqual(),25,2034
MessageDigest.isEqual(),25,1985
MessageDigest.isEqual(),25,1976
MessageDigest.isEqual(),25,1953
MessageDigest.isEqual(),25,1974
MessageDigest.isEqual(),25,2006
MessageDigest.isEqual(),25,2027
MessageDigest.isEqual(),25,2011
MessageDigest.isEqual(),25,1965
MessageDigest.isEqual(),25,2022
MessageDigest.isEqual(),25,2003
MessageDigest.isEqual(),25,1985
MessageDigest.isEqual(),25,2000
MessageDigest.isEqual(),25,1973
MessageDigest.isEqual(),25,2039
MessageDigest.isEqual(),25,1988
MessageDigest.isEqual(),25,2038
MessageDigest.isEqual(),25,2019
MessageDigest.isEqual(),25,2023
MessageDigest.isEqual(),25,2038
MessageDigest.isEqual(),25,1987
MessageDigest.isEqual(),25,2047
MessageDigest.isEqual(),25,1949
MessageDigest.isEqual(),25,2008
MessageDigest.isEqual(),25,1970
MessageDigest.isEqual(),25,1942
MessageDigest.isEqual(),25,1980
MessageDigest.isEqual(),25,2016
MessageDigest.isEqual(),25,1999
MessageDigest.isEqual(),25,2009
MessageDigest.isEqual(),25,1966
MessageDigest.isEqual(),25,2025
MessageDigest.isEqual(),25,1995
MessageDigest.isEqual(),25,2003
MessageDigest.isEqual(),25,2021
MessageDigest.isEqual(),25,2020
MessageDigest.isEqual(),25,1924
MessageDigest.isEqual(),25,1940
MessageDigest.isEqual(),25,1986
MessageDigest.isEqual(),25,1979
MessageDigest.isEqual(),25,2042
MessageDigest.isEqual(),25,1995
MessageDigest.isEqual(),25,1974
MessageDigest.isEqual(),25,2021
MessageDigest.isEqual(),25,1963
MessageDigest.isEqual(),25,1988
MessageDigest.isEqual(),25,2013
MessageDigest.isEqual(),25,1956
MessageDigest.isEqual(),25,2041
MessageDigest.isEqual(),25,1996
MessageDigest.isEqual(),25,1988
MessageDigest.isEqual(),25,1988
MessageDigest.isEqual(),25,2003
MessageDigest.isEqual(),25,1968
MessageDigest.isEqual(),25,1983
MessageDigest.isEqual(),25,1968
MessageDigest.isEqual(),25,1953
MessageDigest.isEqual(),25,2016
MessageDigest.isEqual(),25,2041
MessageDigest.isEqual(),25,1977
MessageDigest.isEqual(),25,2008
MessageDigest.isEqual(),25,1987
MessageDigest.isEqual(),25,2011
MessageDigest.isEqual(),25,1997
MessageDigest.isEqual(),25,2009
MessageDigest.isEqual(),25,2011
MessageDigest.isEqual(),25,1929
MessageDigest.isEqual(),25,2004
MessageDigest.isEqual(),25,1966
MessageDigest.isEqual(),25,2014
MessageDigest.isEqual(),25,1953
MessageDigest.isEqual(),25,1996
MessageDigest.isEqual(),25,1999
MessageDigest.isEqual(),25,2053
MessageDigest.isEqual(),25,1942
MessageDigest.isEqual(),25,2007
MessageDigest.isEqual(),25,1998
MessageDigest.isEqual(),25,2003
MessageDigest.isEqual(),25,1962
MessageDigest.isEqual(),25,1992
MessageDigest.isEqual(),25,1982
MessageDigest.isEqual(),25,2028
MessageDigest.isEqual(),25,2061
MessageDigest.isEqual(),25,1954
MessageDigest.isEqual(),25,1985
MessageDigest.isEqual(),25,1990
MessageDigest.isEqual(),25,2016
MessageDigest.isEqual(),25,1989
MessageDigest.isEqual(),25,2023
MessageDigest.isEqual(),25,2005
MessageDigest.isEqual(),25,1966
MessageDigest.isEqual(),25,2030
MessageDigest.isEqual(),26,2018
MessageDigest.isEqual(),26,1971
MessageDigest.isEqual(),26,2053
MessageDigest.isEqual(),26,2041
MessageDigest.isEqual(),26,2022
MessageDigest.isEqual(),26,2039
MessageDigest.isEqual(),26,2014
MessageDigest.isEqual(),26,1967
MessageDigest.isEqual(),26,2031
MessageDigest.isEqual(),26,2056
MessageDigest.isEqual(),26,2024
MessageDigest.isEqual(),26,1976
MessageDigest.isEqual(),26,1978
MessageDigest.isEqual(),26,2004
MessageDigest.isEqual(),26,2004
MessageDigest.isEqual(),26,1978
MessageDigest.isEqual(),26,1971
MessageDigest.isEqual(),26,1956
MessageDigest.isEqual(),26,2003
MessageDigest.isEqual(),26,1968
MessageDigest.isEqual(),26,2043
MessageDigest.isEqual(),26,1982
MessageDigest.isEqual(),26,1992
MessageDigest.isEqual(),26,2017
MessageDigest.isEqual(),26,1965
MessageDigest.isEqual(),26,1987
MessageDigest.isEqual(),26,1978
MessageDigest.isEqual(),26,1995
MessageDigest.isEqual(),26,2011
MessageDigest.isEqual(),26,2042
MessageDigest.isEqual(),26,2027
MessageDigest.isEqual(),26,1989
MessageDigest.isEqual(),26,2033
MessageDigest.isEqual(),26,2001
MessageDigest.isEqual(),26,2052
MessageDigest.isEqual(),26,2001
MessageDigest.isEqual(),26,2011
MessageDigest.isEqual(),26,2058
MessageDigest.isEqual(),26,1998
MessageDigest.isEqual(),26,2042
MessageDigest.isEqual(),26,1990
MessageDigest.isEqual(),26,1973
MessageDigest.isEqual(),26,1987
MessageDigest.isEqual(),26,2015
MessageDigest.isEqual(),26,2048
MessageDigest.isEqual(),26,2061
MessageDigest.isEqual(),26,2031
MessageDigest.isEqual(),26,1988
MessageDigest.isEqual(),26,1966
MessageDigest.isEqual(),26,2022
MessageDigest.isEqual(),26,1947
MessageDigest.isEqual(),26,1957
MessageDigest.isEqual(),26,2018
MessageDigest.isEqual(),26,1966
MessageDigest.isEqual(),26,1960
MessageDigest.isEqual(),26,1995
MessageDigest.isEqual(),26,1984
MessageDigest.isEqual(),26,2036
MessageDigest.isEqual(),26,1980
MessageDigest.isEqual(),26,1961
MessageDigest.isEqual(),26,1966
MessageDigest.isEqual(),26,1971
MessageDigest.isEqual(),26,1970
MessageDigest.isEqual(),26,1978
MessageDigest.isEqual(),26,2020
MessageDigest.isEqual(),26,2006
MessageDigest.isEqual(),26,2042
MessageDigest.isEqual(),26,1988
MessageDigest.isEqual(),26,1975
MessageDigest.isEqual(),26,1959
MessageDigest.isEqual(),26,2045
MessageDigest.isEqual(),26,1950
MessageDigest.isEqual(),26,2018
MessageDigest.isEqual(),26,2001
MessageDigest.isEqual(),26,2031
MessageDigest.isEqual(),26,2008
MessageDigest.isEqual(),26,2020
MessageDigest.isEqual(),26,2009
MessageDigest.isEqual(),26,2034
MessageDigest.isEqual(),26,2034
MessageDigest.isEqual(),26,2020
MessageDigest.isEqual(),26,2023
MessageDigest.isEqual(),26,1988
MessageDigest.isEqual(),26,2054
MessageDigest.isEqual(),26,2022
MessageDigest.isEqual(),26,1957
MessageDigest.isEqual(),26,1996
MessageDigest.isEqual(),26,1962
MessageDigest.isEqual(),26,1995
MessageDigest.isEqual(),26,1966
MessageDigest.isEqual(),26,1978
MessageDigest.isEqual(),26,2010
MessageDigest.isEqual(),26,1971
MessageDigest.isEqual(),26,1975
MessageDigest.isEqual(),26,2012
MessageDigest.isEqual(),26,1961
MessageDigest.isEqual(),26,2031
MessageDigest.isEqual(),26,2028
MessageDigest.isEqual(),26,2028
MessageDigest.isEqual(),26,2057
MessageDigest.isEqual(),27,1973
MessageDigest.isEqual(),27,2036
MessageDigest.isEqual(),27,2047
MessageDigest.isEqual(),27,1985
MessageDigest.isEqual(),27,2038
MessageDigest.isEqual(),27,2007
MessageDigest.isEqual(),27,2030
MessageDigest.isEqual(),27,1968
MessageDigest.isEqual(),27,1936
MessageDigest.isEqual(),27,1964
MessageDigest.isEqual(),27,2032
MessageDigest.isEqual(),27,2043
MessageDigest.isEqual(),27,1996
MessageDigest.isEqual(),27,1956
MessageDigest.isEqual(),27,2034
MessageDigest.isEqual(),27,2000
MessageDigest.isEqual(),27,2041
MessageDigest.isEqual(),27,1975
MessageDigest.isEqual(),27,1990
MessageDigest.isEqual(),27,1999
MessageDigest.isEqual(),27,2016
MessageDigest.isEqual(),27,2007
MessageDigest.isEqual(),27,2024
MessageDigest.isEqual(),27,2006
MessageDigest.isEqual(),27,1959
MessageDigest.isEqual(),27,1978
MessageDigest.isEqual(),27,2023
MessageDigest.isEqual(),27,2041
MessageDigest.isEqual(),27,1948
MessageDigest.isEqual(),27,2016
MessageDigest.isEqual(),27,1971
MessageDigest.isEqual(),27,2002
MessageDigest.isEqual(),27,1983
MessageDigest.isEqual(),27,1940
MessageDigest.isEqual(),27,2018
MessageDigest.isEqual(),27,2002
MessageDigest.isEqual(),27,1974
MessageDigest.isEqual(),27,2000
MessageDigest.isEqual(),27,1995
MessageDigest.isEqual(),27,2017
MessageDigest.isEqual(),27,1953
MessageDigest.isEqual(),27,2021
MessageDigest.isEqual(),27,1991
MessageDigest.isEqual(),27,2016
MessageDigest.isEqual(),27,1956
MessageDigest.isEqual(),27,1974
MessageDigest.isEqual(),27,1998
MessageDigest.isEqual(),27,1990
MessageDigest.isEqual(),27,1953
MessageDigest.isEqual(),27,2060
MessageDigest.isEqual(),27,2005
MessageDigest.isEqual(),27,2001
MessageDigest.isEqual(),27,2021
MessageDigest.isEqual(),27,1982
MessageDigest.isEqual(),27,2038
MessageDigest.isEqual(),27,2029
MessageDigest.isEqual(),27,2005
MessageDigest.isEqual(),27,1958
MessageDigest.isEqual(),27,2038
MessageDigest.isEqual(),27,1988
MessageDigest.isEqual(),27,1942
MessageDigest.isEqual(),27,2046
MessageDigest.isEqual(),27,2017
MessageDigest.isEqual(),27,1931
MessageDigest.isEqual(),27,2016
MessageDigest.isEqual(),27,1983
MessageDigest.isEqual(),27,2036
MessageDigest.isEqual(),27,2001
MessageDigest.isEqual(),27,1995
MessageDigest.isEqual(),27,1976
MessageDigest.isEqual(),27,2038
MessageDigest.isEqual(),27,1976
MessageDigest.isEqual(),27,1967
MessageDigest.isEqual(),27,2013
MessageDigest.isEqual(),27,2009
MessageDigest.isEqual(),27,1993
MessageDigest.isEqual(),27,1983
MessageDigest.isEqual(),27,2052
MessageDigest.isEqual(),27,1930
MessageDigest.isEqual(),27,2012
MessageDigest.isEqual(),27,1990
MessageDigest.isEqual(),27,1972
MessageDigest.isEqual(),27,2010
MessageDigest.isEqual(),27,1994
MessageDigest.isEqual(),27,1964
MessageDigest.isEqual(),27,2054
MessageDigest.isEqual(),27,2045
MessageDigest.isEqual(),27,1988
MessageDigest.isEqual(),27,1981
MessageDigest.isEqual(),27,2015
MessageDigest.isEqual(),27,1993
MessageDigest.isEqual(),27,1986
MessageDigest.isEqual(),27,1985
MessageDigest.isEqual(),27,2009
MessageDigest.isEqual(),27,1973
MessageDigest.isEqual(),27,2014
MessageDigest.isEqual(),27,2000
MessageDigest.isEqual(),27,1999
MessageDigest.isEqual(),27,2015
MessageDigest.isEqual(),27,1996
MessageDigest.isEqual(),28,1980
MessageDigest.isEqual(),28,2020
MessageDigest.isEqual(),28,1973
MessageDigest.isEqual(),28,2048
MessageDigest.isEqual(),28,2019
MessageDigest.isEqual(),28,2015
MessageDigest.isEqual(),28,1950
MessageDigest.isEqual(),28,1954
MessageDigest.isEqual(),28,2003
MessageDigest.isEqual(),28,1989
MessageDigest.isEqual(),28,2035
MessageDigest.isEqual(),28,2029
MessageDigest.isEqual(),28,1987
MessageDigest.isEqual(),28,1948
MessageDigest.isEqual(),28,2024
MessageDigest.isEqual(),28,2026
MessageDigest.isEqual(),28,2012
MessageDigest.isEqual(),28,1993
MessageDigest.isEqual(),28,1977
MessageDigest.isEqual(),28,2015
MessageDigest.isEqual(),28,2002
MessageDigest.isEqual(),28,1946
MessageDigest.isEqual(),28,2028
MessageDigest.isEqual(),28,2011
MessageDigest.isEqual(),28,1937
MessageDigest.isEqual(),28,1996
MessageDigest.isEqual(),28,2047
MessageDigest.isEqual(),28,2014
MessageDigest.isEqual(),28,2014
MessageDigest.isEqual(),28,2032
MessageDigest.isEqual(),28,2013
MessageDigest.isEqual(),28,1931
MessageDigest.isEqual(),28,2008
MessageDigest.isEqual(),28,1978
MessageDigest.isEqual(),28,1979
MessageDigest.isEqual(),28,1978
MessageDigest.isEqual(),28,2011
MessageDigest.isEqual(),28,1990
MessageDigest.isEqual(),28,2012
MessageDigest.isEqual(),28,2001
MessageDigest.isEqual(),28,2062
MessageDigest.isEqual(),28,1996
MessageDigest.isEqual(),28,1999
MessageDigest.isEqual(),28,1980
MessageDigest.isEqual(),28,1987
MessageDigest.isEqual(),28,1969
MessageDigest.isEqual(),28,2020
MessageDigest.isEqual(),28,2002
MessageDigest.isEqual(),28,2025
MessageDigest.isEqual(),28,1982
MessageDigest.isEqual(),28,2027
MessageDigest.isEqual(),28,1984
MessageDigest.isEqual(),28,1982
MessageDigest.isEqual(),28,2023
MessageDigest.isEqual(),28,1985
MessageDigest.isEqual(),28,2015
MessageDigest.isEqual(),28,1964
MessageDigest.isEqual(),28,1947
MessageDigest.isEqual(),28,2017
MessageDigest.isEqual(),28,2041
MessageDigest.isEqual(),28,1977
MessageDigest.isEqual(),28,1973
MessageDigest.isEqual(),28,2002
MessageDigest.isEqual(),28,1967
MessageDigest.isEqual(),28,1983
MessageDigest.isEqual(),28,2029
MessageDigest.isEqual(),28,2022
MessageDigest.isEqual(),28,2007
MessageDigest.isEqual(),28,1951
MessageDigest.isEqual(),28,2033
MessageDigest.isEqual(),28,1954
MessageDigest.isEqual(),28,1977
MessageDigest.isEqual(),28,1970
MessageDigest.isEqual(),28,2004
MessageDigest.isEqual(),28,2019
MessageDigest.isEqual(),28,1937
MessageDigest.isEqual(),28,2014
MessageDigest.isEqual(),28,1999
MessageDigest.isEqual(),28,2040
MessageDigest.isEqual(),28,1989
MessageDigest.isEqual(),28,2025
MessageDigest.isEqual(),28,1976
MessageDigest.isEqual(),28,2061
MessageDigest.isEqual(),28,2005
MessageDigest.isEqual(),28,1967
MessageDigest.isEqual(),28,2029
MessageDigest.isEqual(),28,1983
MessageDigest.isEqual(),28,1983
MessageDigest.isEqual(),28,1990
MessageDigest.isEqual(),28,1963
MessageDigest.isEqual(),28,2022
MessageDigest.isEqual(),28,1970
MessageDigest.isEqual(),28,2000
MessageDigest.isEqual(),28,2021
MessageDigest.isEqual(),28,1993
MessageDigest.isEqual(),28,1983
MessageDigest.isEqual(),28,2050
MessageDigest.isEqual(),28,1973
MessageDigest.isEqual(),28,1984
MessageDigest.isEqual(),28,2020
MessageDigest.isEqual(),29,2001
MessageDigest.isEqual(),29,1993
MessageDigest.isEqual(),29,2019
MessageDigest.isEqual(),29,1990
MessageDigest.isEqual(),29,2045
MessageDigest.isEqual(),29,2005
MessageDigest.isEqual(),29,1975
MessageDigest.isEqual(),29,1947
MessageDigest.isEqual(),29,1996
MessageDigest.isEqual(),29,2004
MessageDigest.isEqual(),29,2011
MessageDigest.isEqual(),29,2052
MessageDigest.isEqual(),29,2024
MessageDigest.isEqual(),29,2000
MessageDigest.isEqual(),29,1943
MessageDigest.isEqual(),29,1998
MessageDigest.isEqual(),29,2006
MessageDigest.isEqual(),29,2027
MessageDigest.isEqual(),29,1986
MessageDigest.isEqual(),29,1992
MessageDigest.isEqual(),29,2035
MessageDigest.isEqual(),29,2026
MessageDigest.isEqual(),29,1971
MessageDigest.isEqual(),29,2016
MessageDigest.isEqual(),29,2023
MessageDigest.isEqual(),29,2011
MessageDigest.isEqual(),29,2011
MessageDigest.isEqual(),29,2030
MessageDigest.isEqual(),29,1997
MessageDigest.isEqual(),29,1988
MessageDigest.isEqual(),29,1960
MessageDigest.isEqual(),29,2010
MessageDigest.isEqual(),29,2029
MessageDigest.isEqual(),29,2012
MessageDigest.isEqual(),29,1999
MessageDigest.isEqual(),29,2022
MessageDigest.isEqual(),29,2013
MessageDigest.isEqual(),29,1997
MessageDigest.isEqual(),29,2006
MessageDigest.isEqual(),29,1975
MessageDigest.isEqual(),29,1976
MessageDigest.isEqual(),29,2004
MessageDigest.isEqual(),29,1992
MessageDigest.isEqual(),29,2023
MessageDigest.isEqual(),29,1996
MessageDigest.isEqual(),29,1989
MessageDigest.isEqual(),29,2030
MessageDigest.isEqual(),29,1972
MessageDigest.isEqual(),29,1994
MessageDigest.isEqual(),29,2034
MessageDigest.isEqual(),29,1999
MessageDigest.isEqual(),29,2033
MessageDigest.isEqual(),29,2027
MessageDigest.isEqual(),29,1999
MessageDigest.isEqual(),29,2038
MessageDigest.isEqual(),29,1950
MessageDigest.isEqual(),29,2011
MessageDigest.isEqual(),29,2026
MessageDigest.isEqual(),29,1979
MessageDigest.isEqual(),29,2031
MessageDigest.isEqual(),29,1987
MessageDigest.isEqual(),29,2007
MessageDigest.isEqual(),29,2032
MessageDigest.isEqual(),29,1977
MessageDigest.isEqual(),29,2017
MessageDigest.isEqual(),29,2006
MessageDigest.isEqual(),29,1925
MessageDigest.isEqual(),29,2044
MessageDigest.isEqual(),29,2013
MessageDigest.isEqual(),29,1992
MessageDigest.isEqual(),29,2061
MessageDigest.isEqual(),29,2019
MessageDigest.isEqual(),29,2038
MessageDigest.isEqual(),29,1993
MessageDigest.isEqual(),29,2013
MessageDigest.isEqual(),29,2002
MessageDigest.isEqual(),29,2050
MessageDigest.isEqual(),29,2016
MessageDigest.isEqual(),29,2049
MessageDigest.isEqual(),29,1969
MessageDigest.isEqual(),29,1978
MessageDigest.isEqual(),29,2035
MessageDigest.isEqual(),29,1967
MessageDigest.isEqual(),29,2024
MessageDigest.isEqual(),29,2039
MessageDigest.isEqual(),29,2006
MessageDigest.isEqual(),29,2050
MessageDigest.isEqual(),29,2019
MessageDigest.isEqual(),29,1982
MessageDigest.isEqual(),29,1941
MessageDigest.isEqual(),29,2017
MessageDigest.isEqual(),29,1968
MessageDigest.isEqual(),29,1961
MessageDigest.isEqual(),29,2004
MessageDigest.isEqual(),29,2034
MessageDigest.isEqual(),29,2043
MessageDigest.isEqual(),29,2007
MessageDigest.isEqual(),29,2023
MessageDigest.isEqual(),29,1988
MessageDigest.isEqual(),29,2003
MessageDigest.isEqual(),30,2023
MessageDigest.isEqual(),30,1996
MessageDigest.isEqual(),30,2015
MessageDigest.isEqual(),30,1934
MessageDigest.isEqual(),30,2055
MessageDigest.isEqual(),30,2039
MessageDigest.isEqual(),30,1997
MessageDigest.isEqual(),30,2008
MessageDigest.isEqual(),30,1972
MessageDigest.isEqual(),30,2024
MessageDigest.isEqual(),30,1976
MessageDigest.isEqual(),30,2022
MessageDigest.isEqual(),30,1982
MessageDigest.isEqual(),30,2014
MessageDigest.isEqual(),30,1981
MessageDigest.isEqual(),30,1974
MessageDigest.isEqual(),30,2007
MessageDigest.isEqual(),30,2013
MessageDigest.isEqual(),30,2009
MessageDigest.isEqual(),30,2034
MessageDigest.isEqual(),30,1984
MessageDigest.isEqual(),30,1975
MessageDigest.isEqual(),30,1978
MessageDigest.isEqual(),30,2007
MessageDigest.isEqual(),30,1981
MessageDigest.isEqual(),30,2033
MessageDigest.isEqual(),30,1978
MessageDigest.isEqual(),30,1987
MessageDigest.isEqual(),30,2006
MessageDigest.isEqual(),30,1979
MessageDigest.isEqual(),30,2049
MessageDigest.isEqual(),30,1981
MessageDigest.isEqual(),30,2018
MessageDigest.isEqual(),30,2018
MessageDigest.isEqual(),30,1955
MessageDigest.isEqual(),30,2033
MessageDigest.isEqual(),30,1971
MessageDigest.isEqual(),30,1977
MessageDigest.isEqual(),30,2008
MessageDigest.isEqual(),30,1993
MessageDigest.isEqual(),30,2018
MessageDigest.isEqual(),30,1934
MessageDigest.isEqual(),30,2023
MessageDigest.isEqual(),30,2012
MessageDigest.isEqual(),30,2004
MessageDigest.isEqual(),30,1985
MessageDigest.isEqual(),30,2030
MessageDigest.isEqual(),30,2015
MessageDigest.isEqual(),30,1905
MessageDigest.isEqual(),30,2010
MessageDigest.isEqual(),30,1976
MessageDigest.isEqual(),30,2054
MessageDigest.isEqual(),30,1981
MessageDigest.isEqual(),30,2059
MessageDigest.isEqual(),30,1957
MessageDigest.isEqual(),30,2014
MessageDigest.isEqual(),30,2011
MessageDigest.isEqual(),30,1982
MessageDigest.isEqual(),30,2002
MessageDigest.isEqual(),30,1970
MessageDigest.isEqual(),30,1980
MessageDigest.isEqual(),30,1970
MessageDigest.isEqual(),30,2002
MessageDigest.isEqual(),30,1989
MessageDigest.isEqual(),30,2002
MessageDigest.isEqual(),30,1960
MessageDigest.isEqual(),30,1999
MessageDigest.isEqual(),30,2068
MessageDigest.isEqual(),30,2013
MessageDigest.isEqual(),30,1987
MessageDigest.isEqual(),30,2016
MessageDigest.isEqual(),30,2020
MessageDigest.isEqual(),30,2010
MessageDigest.isEqual(),30,2011
MessageDigest.isEqual(),30,1954
MessageDigest.isEqual(),30,2003
MessageDigest.isEqual(),30,1986
MessageDigest.isEqual(),30,2040
MessageDigest.isEqual(),30,1993
MessageDigest.isEqual(),30,1993
MessageDigest.isEqual(),30,2051
MessageDigest.isEqual(),30,1989
MessageDigest.isEqual(),30,2020
MessageDigest.isEqual(),30,1986
MessageDigest.isEqual(),30,1995
MessageDigest.isEqual(),30,2007
MessageDigest.isEqual(),30,2005
MessageDigest.isEqual(),30,1988
MessageDigest.isEqual(),30,2028
MessageDigest.isEqual(),30,1969
MessageDigest.isEqual(),30,2017
MessageDigest.isEqual(),30,1961
MessageDigest.isEqual(),30,1945
MessageDigest.isEqual(),30,1999
MessageDigest.isEqual(),30,1970
MessageDigest.isEqual(),30,2021
MessageDigest.isEqual(),30,1944
MessageDigest.isEqual(),30,1967
MessageDigest.isEqual(),30,2020
MessageDigest.isEqual(),30,2002
MessageDigest.isEqual(),31,1994
MessageDigest.isEqual(),31,1968
MessageDigest.isEqual(),31,2030
MessageDigest.isEqual(),31,2013
MessageDigest.isEqual(),31,1942
MessageDigest.isEqual(),31,1964
MessageDigest.isEqual(),31,2011
MessageDigest.isEqual(),31,2001
MessageDigest.isEqual(),31,2039
MessageDigest.isEqual(),31,1980
MessageDigest.isEqual(),31,1988
MessageDigest.isEqual(),31,1993
MessageDigest.isEqual(),31,2069
MessageDigest.isEqual(),31,1965
MessageDigest.isEqual(),31,2031
MessageDigest.isEqual(),31,1975
MessageDigest.isEqual(),31,1995
MessageDigest.isEqual(),31,1994
MessageDigest.isEqual(),31,2010
MessageDigest.isEqual(),31,2009
MessageDigest.isEqual(),31,2009
MessageDigest.isEqual(),31,1987
MessageDigest.isEqual(),31,2024
MessageDigest.isEqual(),31,2008
MessageDigest.isEqual(),31,2004
MessageDigest.isEqual(),31,1982
MessageDigest.isEqual(),31,1977
MessageDigest.isEqual(),31,1961
MessageDigest.isEqual(),31,1970
MessageDigest.isEqual(),31,1985
MessageDigest.isEqual(),31,1987
MessageDigest.isEqual(),31,1945
MessageDigest.isEqual(),31,1992
MessageDigest.isEqual(),31,2000
MessageDigest.isEqual(),31,2005
MessageDigest.isEqual(),31,1994
MessageDigest.isEqual(),31,1997
MessageDigest.isEqual(),31,1973
MessageDigest.isEqual(),31,1960
MessageDigest.isEqual(),31,2003
MessageDigest.isEqual(),31,1997
MessageDigest.isEqual(),31,1983
MessageDigest.isEqual(),31,2054
MessageDigest.isEqual(),31,1964
MessageDigest.isEqual(),31,1970
MessageDigest.isEqual(),31,1999
MessageDigest.isEqual(),31,2009
MessageDigest.isEqual(),31,2048
MessageDigest.isEqual(),31,1975
MessageDigest.isEqual(),31,2002
MessageDigest.isEqual(),31,2001
MessageDigest.isEqual(),31,2007
MessageDigest.isEqual(),31,1992
MessageDigest.isEqual(),31,1988
MessageDigest.isEqual(),31,1976
MessageDigest.isEqual(),31,2014
MessageDigest.isEqual(),31,2007
MessageDigest.isEqual(),31,1997
MessageDigest.isEqual(),31,2040
MessageDigest.isEqual(),31,1948
MessageDigest.isEqual(),31,1984
MessageDigest.isEqual(),31,1994
MessageDigest.isEqual(),31,1996
MessageDigest.isEqual(),31,2011
MessageDigest.isEqual(),31,1993
MessageDigest.isEqual(),31,1968
MessageDigest.isEqual(),31,1977
MessageDigest.isEqual(),31,1986
MessageDigest.isEqual(),31,2001
MessageDigest.isEqual(),31,1987
MessageDigest.isEqual(),31,2010
MessageDigest.isEqual(),31,2049
MessageDigest.isEqual(),31,2009
MessageDigest.isEqual(),31,1997
MessageDigest.isEqual(),31,1981
MessageDigest.isEqual(),31,1960
MessageDigest.isEqual(),31,2020
MessageDigest.isEqual(),31,1952
MessageDigest.isEqual(),31,1961
MessageDigest.isEqual(),31,1978
MessageDigest.isEqual(),31,1982
MessageDigest.isEqual(),31,1950
MessageDigest.isEqual(),31,1990
MessageDigest.isEqual(),31,2030
MessageDigest.isEqual(),31,1945
MessageDigest.isEqual(),31,1954
MessageDigest.isEqual(),31,1991
MessageDigest.isEqual(),31,1948
MessageDigest.isEqual(),31,1967
MessageDigest.isEqual(),31,2023
MessageDigest.isEqual(),31,2025
MessageDigest.isEqual(),31,1983
MessageDigest.isEqual(),31,2027
MessageDigest.isEqual(),31,1995
MessageDigest.isEqual(),31,1981
MessageDigest.isEqual(),31,2013
MessageDigest.isEqual(),31,1978
MessageDigest.isEqual(),31,2007
MessageDigest.isEqual(),31,1992
MessageDigest.isEqual(),31,2021
